gefunden_am,portal,suchbegriff,titel,preis,ort,inserat_datum,baujahr,betriebsstunden,url
2026-08-22T08:02:14Z,eBay Kleinanzeigen,Claas Conspeed,Maispflücker Claas Conspeed 8-75 FC zum Lexion BRUTTO,18.500 € VB,59302 Oelde,20.08.2026,2005,,https://www.kleinanzeigen.de/s-anzeige/maispfluecker-claas-conspeed-8-75-fc-zum-lexion-brutto/3331911718-276-1457
2026-08-22T08:02:14Z,eBay Kleinanzeigen,Claas Conspeed,Claas Claas Corio 875 FC Conspeed Hybridwalzen,70.210 €,77743 Neuried,12.08.2026,2022,,https://www.kleinanzeigen.de/s-anzeige/claas-claas-corio-875-fc-conspeed-hybridwalzen/3483101640-276-8050
2026-08-22T08:02:14Z,eBay Kleinanzeigen,Claas Conspeed,Claas Claas Conspeed 8 75 FC Landwirtmaschine,58.310 €,77743 Neuried,12.08.2026,2017,,https://www.kleinanzeigen.de/s-anzeige/claas-claas-conspeed-8-75-fc-landwirtmaschine/3483101548-276-8050
2026-08-22T08:02:14Z,eBay Kleinanzeigen,Claas Conspeed,"Claas Claas Conspeed 8 75 FC Hybridwalzen, 8 Reihig",35.581 €,77743 Neuried,12.08.2026,2014,,https://www.kleinanzeigen.de/s-anzeige/claas-claas-conspeed-8-75-fc-hybridwalzen-8-reihig/3483101512-276-8050
2026-08-22T08:02:14Z,eBay Kleinanzeigen,Claas Conspeed,Claas Claas Corio 675 FC Conspeed   NEU    75 cm,70.210 €,77743 Neuried,12.08.2026,2023,,https://www.kleinanzeigen.de/s-anzeige/claas-claas-corio-675-fc-conspeed-neu-75-cm/3483101308-276-8050
2026-08-22T08:02:14Z,eBay Kleinanzeigen,Claas Conspeed,Claas Claas Conspeed 6 75 FC konische Walzen,29.631 €,77743 Neuried,12.08.2026,2003,,https://www.kleinanzeigen.de/s-anzeige/claas-claas-conspeed-6-75-fc-konische-walzen/3483101256-276-8050
2026-08-22T08:02:14Z,eBay Kleinanzeigen,Claas Conspeed,Claas Claas Conspeed 6 75 FC Dom/Mega klappbar konisch,32.011 €,77743 Neuried,12.08.2026,2004,,https://www.kleinanzeigen.de/s-anzeige/claas-claas-conspeed-6-75-fc-dom-mega-klappbar-konisch/3483101178-276-8050
2026-08-22T08:02:14Z,eBay Kleinanzeigen,Claas Conspeed,"Claas Claas Conspeed 6 75 FC, hydraulisch klappbar, bj",22.610 €,77743 Neuried,12.08.2026,2011,,https://www.kleinanzeigen.de/s-anzeige/claas-claas-conspeed-6-75-fc-hydraulisch-klappbar-bj/3483101155-276-8050
2026-08-22T08:02:14Z,eBay Kleinanzeigen,Claas Conspeed,Claas Claas Conspeed 4 75 C linear,29.631 €,77743 Neuried,12.08.2026,2014,,https://www.kleinanzeigen.de/s-anzeige/claas-claas-conspeed-4-75-c-linear/3483101003-276-8050
2026-08-22T08:02:14Z,eBay Kleinanzeigen,Claas Conspeed,Claas Claas Maispflücker Conspeed 6 75 FC,30.821 €,77743 Neuried,12.08.2026,2004,1.643 h,https://www.kleinanzeigen.de/s-anzeige/claas-claas-maispfluecker-conspeed-6-75-fc/3483100807-276-8050
2026-08-22T08:02:14Z,eBay Kleinanzeigen,Claas Conspeed,Claas CORIO 875 FC CONSPEED Maispflücker / 300045726,47.481 € VB,49716 Meppen,12.08.2026,2018,,https://www.kleinanzeigen.de/s-anzeige/claas-corio-875-fc-conspeed-maispfluecker-300045726/3482673247-276-3030
2026-08-22T08:02:14Z,eBay Kleinanzeigen,Claas Conspeed,Claas MAISPFLÜCKER CONSPEED 8-75FC Maispflücker,29.155 €,85088 Vohburg an der Donau,11.08.2026,2011,,https://www.kleinanzeigen.de/s-anzeige/claas-maispfluecker-conspeed-8-75fc-maispfluecker/3433035806-276-7604
2026-08-22T08:02:14Z,eBay Kleinanzeigen,Claas Conspeed,Claas CORIO 8-75 FC CONSPEED Maispflücker / 300403509,71.281 € VB,49716 Meppen,07.08.2026,2022,,https://www.kleinanzeigen.de/s-anzeige/claas-corio-8-75-fc-conspeed-maispfluecker-300403509/3478368932-276-3030
2026-08-22T08:02:14Z,eBay Kleinanzeigen,Geringhoff,Geringhoff Maispflücker Mähdrescher Deutz Fahr Claas John Deere,4.580 €,33378 Rheda-​Wiedenbrück,"Heute, 08:29",2009,,https://www.kleinanzeigen.de/s-anzeige/geringhoff-maispfluecker-maehdrescher-deutz-fahr-claas-john-deere/3491106500-276-1649
2026-08-22T08:02:14Z,eBay Kleinanzeigen,Geringhoff,Geringhoff Maispflücker  Mähdrescher Deutz Fahr Claas John Deere,8.580 € VB,33378 Rheda-​Wiedenbrück,"Gestern, 10:34",2015,,https://www.kleinanzeigen.de/s-anzeige/geringhoff-maispfluecker-maehdrescher-deutz-fahr-claas-john-deere/3490354239-276-1649
2026-08-22T08:02:14Z,eBay Kleinanzeigen,Geringhoff,Ziegler 8S CornChampion Maispflücker Mähdrescher Geringhoff Claas,17.580 € VB,33378 Rheda-​Wiedenbrück,20.08.2026,2026,,https://www.kleinanzeigen.de/s-anzeige/ziegler-8s-cornchampion-maispfluecker-maehdrescher-geringhoff-claas/3489793299-276-1649
2026-08-22T08:02:14Z,eBay Kleinanzeigen,Geringhoff,"Maispflücker Geringhoff MSH875, 8 reihig",65.390 €,84183 Niederviehbach,17.08.2026,,,https://www.kleinanzeigen.de/s-anzeige/maispfluecker-geringhoff-msh875-8-reihig/3459363799-276-6050
2026-08-22T08:02:14Z,eBay Kleinanzeigen,Geringhoff,Geringhoff Maispflücker  Claas Lexion 8-75 Horizon Star  16500 €,19.635 €,48231 Warendorf,17.08.2026,,,https://www.kleinanzeigen.de/s-anzeige/geringhoff-maispfluecker-claas-lexion-8-75-horizon-star-16500-/3357769338-276-1302
2026-08-22T08:02:14Z,eBay Kleinanzeigen,Geringhoff,Geringhoff ROTA-DISC Maispflücker / 300499569,29.631 € VB,39240 Calbe (Saale),16.08.2026,2013,,https://www.kleinanzeigen.de/s-anzeige/geringhoff-rota-disc-maispfluecker-300499569/3460849727-276-12369
2026-08-22T08:02:14Z,eBay Kleinanzeigen,Geringhoff,"Geringhoff Horizont Star, 8 rhg., klappbar",54.000 € VB,84329 Wurmannsquick,13.08.2026,2022,,https://www.kleinanzeigen.de/s-anzeige/geringhoff-horizont-star-8-rhg-klappbar/3458550921-276-5924
2026-08-22T08:02:14Z,eBay Kleinanzeigen,Geringhoff,Andere Geringhoff Mais Star Horizon 1600B 16 Reihig,77.231 €,77743 Neuried,12.08.2026,2021,,https://www.kleinanzeigen.de/s-anzeige/andere-geringhoff-mais-star-horizon-1600b-16-reihig/3483102097-276-8050
2026-08-22T08:02:14Z,eBay Kleinanzeigen,Geringhoff,Andere Geringhoff Mais Star Horizon (MSH 600 F) 6 reihi,34.510 €,77743 Neuried,12.08.2026,2016,,https://www.kleinanzeigen.de/s-anzeige/andere-geringhoff-mais-star-horizon-msh-600-f-6-reihi/3483101978-276-8050
2026-08-22T08:02:14Z,eBay Kleinanzeigen,Geringhoff,Geringhoff Mais Pflücker 6 Reiher Rota Disc,9.000 € VB,77933 Lahr (Schwarzwald),12.08.2026,2024,,https://www.kleinanzeigen.de/s-anzeige/geringhoff-mais-pfluecker-6-reiher-rota-disc/3482735508-276-8047
2026-08-22T08:02:14Z,eBay Kleinanzeigen,Geringhoff,Geringhoff HORIZON STAR II Mähdrescher Vorsätze / 300403944,63.665 € VB,49716 Meppen,10.08.2026,2022,,https://www.kleinanzeigen.de/s-anzeige/geringhoff-horizon-star-ii-maehdrescher-vorsaetze-300403944/3455984613-276-3030
2026-08-22T08:02:14Z,eBay Kleinanzeigen,Geringhoff,Geringhoff HVV 600  vario Schneidwerk,38.700 € VB,84359 Simbach,08.08.2026,2007,,https://www.kleinanzeigen.de/s-anzeige/geringhoff-hvv-600-vario-schneidwerk/3479334510-276-5919
2026-08-22T08:02:14Z,eBay Kleinanzeigen,Geringhoff,1 gebr. Geringhoff-Schneidwerk Variostar VS 260 neuwertig z. Zürn,18.875 €,32108 Bad Salzuflen,07.08.2026,2012,,https://www.kleinanzeigen.de/s-anzeige/1-gebr-geringhoff-schneidwerk-variostar-vs-260-neuwertig-z-zuern/2975966311-276-1900
2026-08-22T08:24:46Z,eBay Kleinanzeigen,Takeuchi TB 145,"Takeuchi TB 145 NETTO 25500,-",30.600 € VB,94110 Wegscheid,11.08.2026,,,https://www.kleinanzeigen.de/s-anzeige/takeuchi-tb-145-netto-25500-/2687999577-276-7467
2026-08-22T08:24:46Z,eBay Kleinanzeigen,Takeuchi TB 145,Takeuchi TB 145,23.999 €,30459 Ricklingen,09.08.2026,2008,6811 h,https://www.kleinanzeigen.de/s-anzeige/takeuchi-tb-145/3480863092-276-3192
2026-08-22T08:24:46Z,eBay Kleinanzeigen,Takeuchi TB 145,Takeuchi TB 145 / 153,21.301 € VB,59069 Hamm,07.07.2026,2008,11.253 h,https://www.kleinanzeigen.de/s-anzeige/takeuchi-tb-145-153/3452941804-276-2026
2026-08-22T08:24:46Z,eBay Kleinanzeigen,Takeuchi TB 145,Takeuchi TB145,15.500 € VB,30459 Ricklingen,26.06.2026,,,https://www.kleinanzeigen.de/s-anzeige/takeuchi-tb145/3444095496-239-3192
2026-08-22T08:24:46Z,eBay Kleinanzeigen,Takeuchi TB 145,Takeuchi TB 145 125 Kabine,160 € VB,83083 Riedering,12.04.2026,1995,,https://www.kleinanzeigen.de/s-anzeige/takeuchi-tb-145-125-kabine/3380283795-276-7583
2026-08-22T08:24:46Z,eBay Kleinanzeigen,Takeuchi TB 145,Takeuchi TB 145 - 245,1 € VB,87487 Wiggensbach,02.09.2025,,,https://www.kleinanzeigen.de/s-anzeige/takeuchi-tb-145-245/3177701697-223-7631
2026-08-22T08:24:46Z,eBay Kleinanzeigen,Takeuchi TB 175,Takeuchi TB 175 Minibagger Bagger,27.000 €,72124 Pliezhausen,20.08.2026,2001,,https://www.kleinanzeigen.de/s-anzeige/takeuchi-tb-175-minibagger-bagger/3415133246-276-7988
2026-08-22T08:24:46Z,eBay Kleinanzeigen,Takeuchi TB 175,"Takeuchi TB175 Minibagger, Kettenbagger * Nettopreis 22500€",26.755 €,48619 Heek,16.08.2026,2007,1050 h,https://www.kleinanzeigen.de/s-anzeige/takeuchi-tb175-minibagger-kettenbagger-nettopreis-22500-/2983563737-276-1178
2026-08-22T08:24:46Z,eBay Kleinanzeigen,Takeuchi TB 175,Minibagger Takeuchi TB175 mit HS08 MS08 hydraulisch Hammerleitung,47.481 € VB,58099 Hagen,06.08.2026,2011,,https://www.kleinanzeigen.de/s-anzeige/minibagger-takeuchi-tb175-mit-hs08-ms08-hydraulisch-hammerleitung/2064259156-276-2013
2026-08-22T08:31:42Z,Maschinensucher,Takeuchi TB 175,Minibagger Takeuchi TB 175 mit Klima + Powertilt + hydr. Schnellw. + 3,28.999 €,Gnas,,2010,8.809 h,https://www.maschinensucher.de/takeuchi-tb+175+mit+klima+%2B+powertilt+%2B+hydr.+schnellw.+%2B+3/i-22465772
2026-08-22T08:44:24Z,Machinerypark,Takeuchi TB 175,Takeuchi TB175W 3 Buckets!,26.500 EUR,"7609 RL Almelo, Niederlande",,2010,,https://de.machinerypark.com/mobilbagger/takeuchi-tb175w-3-buckets-gebraucht-qnar5401cp
2026-08-22T08:44:24Z,Machinerypark,Takeuchi TB 175,Takeuchi TB 175 w,28.400 EUR,"69780 Mions Rhône-Alpes, Frankreich",,2012,,https://de.machinerypark.com/mobilbagger/takeuchi-tb-175-w-gebraucht-fwfs1598fn
2026-08-22T08:44:24Z,Machinerypark,Takeuchi TB 175,Takeuchi TB175,21.500 EUR,"2400 MOL, Belgien",,2009,,https://de.machinerypark.com/kettenbagger/takeuchi-tb175-gebraucht-dowm2258nq
2026-08-22T08:44:24Z,Machinerypark,Takeuchi TB 175,Takeuchi TB175,20.950 EUR,"2400 MOL, Belgien",,2008,,https://de.machinerypark.com/kettenbagger/takeuchi-tb175-gebraucht-creb6461gb
2026-08-22T08:44:24Z,Machinerypark,Takeuchi TB 175,Takeuchi TB 175,38.000 EUR,"9020 Klagenfurt, Österreich",,2007,,https://de.machinerypark.com/kettenbagger/takeuchi-tb-175-gebraucht-bmvf5121ec
2026-08-22T08:44:24Z,Machinerypark,Takeuchi TB 175,Takeuchi TB 175,29.500 EUR,"5743 Krimml, Österreich",,2006,,https://de.machinerypark.com/kettenbagger/takeuchi-tb-175-gebraucht-ckrk6034jl
2026-08-22T08:44:24Z,Machineryline,Takeuchi TB 175,Takeuchi TB175,22.050 € 95.000 PLN,"Polen, Bonikowo",,2010,6.829 h,https://machineryline.de/-/Verkauf/Midibagger/Takeuchi/TB175--26052511011662496900
2026-08-22T08:44:24Z,Machineryline,Takeuchi TB 175,Takeuchi TB175,16.710 € 72.000 PLN,"Polen, Bonikowo",,2008,11.214 h,https://machineryline.de/-/Verkauf/Midibagger/Takeuchi/TB175--26052511062687305600
2026-08-22T08:44:24Z,Machineryline,Takeuchi TB 175,Takeuchi TB175W 3 Buckets!,26.500 € Ohne MwSt.,"Niederlande, Almelo",,2010,12.888 h,https://machineryline.de/-/Verkauf/Mobilbagger/Takeuchi/TB175W-3-Buckets--26071317560964309400
2026-08-22T08:44:24Z,Machineryline,Takeuchi TB 175,Takeuchi 7t TB175 powertilt,26.950 € 650.000 CZK,Tschechien,,2007,11.630 h,https://machineryline.de/-/Verkauf/Midibagger/Takeuchi/7t-TB175-powertilt--25031800421296819400
2026-08-22T08:44:24Z,Machineryline,Takeuchi TB 175,Takeuchi TB175,24.900 € Ohne MwSt.,"Slowenien, Gomilsko",,2006,12.090 h,https://machineryline.de/-/Verkauf/Midibagger/Takeuchi/TB175--26062318425020045800
2026-08-22T08:44:24Z,Machineryline,Takeuchi TB 175,Takeuchi TB175,21.000 €,Rumänien,,2011,8.765 h,https://machineryline.de/-/Verkauf/Midibagger/Takeuchi/TB175--25092614513273096200
2026-08-22T09:12:18Z,eBay Kleinanzeigen,Claas Corio,"Claas Corio 875, 8-75 Maispflücker",26.700 € VB,38179 Schwülper,08.08.2026,,,https://www.kleinanzeigen.de/s-anzeige/claas-corio-875-8-75-maispfluecker/3404979703-276-2669
2026-08-22T09:12:18Z,eBay Kleinanzeigen,Claas Corio,CLAAS Conspeed 675 FC Corio (Mähdrescherzubehör),47.576 €,84539 Ampfing,29.07.2026,2018,,https://www.kleinanzeigen.de/s-anzeige/claas-conspeed-675-fc-corio-maehdrescherzubehoer-/2994670107-276-18318
2026-08-22T09:12:18Z,eBay Kleinanzeigen,Claas Corio,Claas CORIO 875 FC CONSPEED Mähdrescher Zubehör,49.385 €,94424 Arnstorf,25.07.2026,2018,,https://www.kleinanzeigen.de/s-anzeige/claas-corio-875-fc-conspeed-maehdrescher-zubehoer/3443542317-276-6038
2026-08-22T09:12:18Z,eBay Kleinanzeigen,Claas Corio,CLAAS Conspeed 675 FC Corio (Mähdrescherzubehör),35.604 €,84539 Ampfing,25.07.2026,2018,,https://www.kleinanzeigen.de/s-anzeige/claas-conspeed-675-fc-corio-maehdrescherzubehoer-/3174291148-276-18318
2026-08-22T09:12:18Z,eBay Kleinanzeigen,Claas Corio,"Claas CORIO 8 75 FC CONSPEED, Maispflücker, 8 reiher,",48.999 €,49696 Molbergen,23.04.2026,2018,,https://www.kleinanzeigen.de/s-anzeige/claas-corio-8-75-fc-conspeed-maispfluecker-8-reiher-/3389533821-276-17538
2026-08-22T09:34:50Z,tec24,Claas Conspeed,Claas Corio 8-75 Fc Conspeed,59.900 € Netto,49716 Meppen,,2022,,https://de.tec24.com/c-20200/m-claas/t-corio-8-75-fc-conspeed/mid-3705783.html
2026-08-22T09:34:50Z,tec24,Claas Conspeed,Claas Corio 875 Fc Conspeed,41.500 € Netto,94424 Arnstorf,,2018,,https://de.tec24.com/c-28800/m-claas/t-corio-875-fc-conspeed/mid-3700327.html
2026-08-22T09:34:50Z,tec24,Claas Conspeed,Claas Corio 875 Fc Conspeed,39.900 € Netto,49716 Meppen,,2018,,https://de.tec24.com/c-20200/m-claas/t-corio-875-fc-conspeed/mid-3706228.html
2026-08-22T09:34:50Z,tec24,Claas Conspeed,Claas Conspeed 8-75,36.900 € Netto,17094 Pragsdorf,,2014,,https://de.tec24.com/c-20200/m-claas/t-conspeed-8-75/mid-3694322.html
2026-08-22T09:34:50Z,tec24,Claas Conspeed,Claas Maispflücker Conspeed 8-75fc,24.500 € Netto,85088 Vohburg,,2011,,https://de.tec24.com/c-20200/m-claas/t-maispfluecker-conspeed-8-75fc/mid-3697309.html
2026-08-22T09:34:50Z,tec24,Claas Conspeed,Claas Claas Conspeed 6-75 Fc,15.125 € Netto,49774 Herßum,,2016,,https://de.tec24.com/c-20200/m-claas/t-claas-conspeed-6-75-fc/mid-3701205.html
2026-08-22T09:34:50Z,tec24,Claas Conspeed,Claas Claas Conspeed 6-75 Fc,14.990 € Netto,49774 Herßum,,2018,120 h,https://de.tec24.com/c-20200/m-claas/t-claas-conspeed-6-75-fc/mid-3706714.html
2026-08-22T09:34:50Z,tec24,Claas Conspeed,Claas Conspeed 6-75 FC,14.900 € Netto,49716 Meppen,,2001,,https://de.tec24.com/c-20200/m-claas/t-conspeed-6-75-fc/mid-3703877.html
2026-08-22T09:34:50Z,tec24,Claas Corio,Claas Corio 875,27.500 €,,,2016,2765 h,https://de.tec24.com/c-20100/m-claas/t-corio-875/mid-3690250.html
2026-08-22T09:34:50Z,tec24,Geringhoff,John Deere T560i Prodrive 30km/H Inkl. Geringhoff Hv6.60,179.000 € Netto,48683 Ahaus-Wüllen,,2019,1466 h,https://de.tec24.com/c-20100/m-john-deere/t-t560i-prodrive-30km-h-inkl-geringhoff-hv660/mid-3700836.html
2026-08-22T09:34:50Z,tec24,Geringhoff,Geringhoff Rota Disc,74.917 € Netto,,,2023,,https://de.tec24.com/c-20200/m-geringhoff/t-rota-disc/mid-3692761.html
2026-08-22T09:34:50Z,tec24,Geringhoff,Geringhoff Mais Star - Horizon ( Msh ) 800 Fb,74.500 € Netto,76684 Östringen,,2025,,https://de.tec24.com/c-20200/m-geringhoff/t-mais-star-horizon-msh-800-fb/mid-3702256.html
2026-08-22T09:34:50Z,tec24,Geringhoff,Geringhoff Ms-Horizon 800fb,74.450 € Netto,48480 Spelle,,2023,,https://de.tec24.com/c-20200/m-geringhoff/t-ms-horizon-800fb/mid-3706210.html
2026-08-22T09:34:50Z,tec24,Geringhoff,Geringhoff Ms-Horizon 800fb,64.900 € Netto,48480 Spelle,,2023,,https://de.tec24.com/c-20200/m-geringhoff/t-ms-horizon-800fb/mid-3703372.html
2026-08-22T09:34:50Z,tec24,Geringhoff,Geringhoff Mais Star - Horizon   600 Fb,57.000 € Netto,76684 Östringen,,2024,,https://de.tec24.com/c-20200/m-geringhoff/t-mais-star-horizon-600-fb/mid-3705000.html
2026-08-22T09:34:50Z,tec24,Geringhoff,Geringhoff Horizon Star Ii,53.500 € Netto,49716 Meppen,,2022,,https://de.tec24.com/c-20200/m-geringhoff/t-horizon-star-ii/mid-3702454.html
2026-08-22T09:34:50Z,tec24,Geringhoff,Geringhoff Ms Horizon 800fb,32.500 € Netto,48683 Ahaus-Wüllen,,2014,,https://de.tec24.com/c-20200/m-geringhoff/t-ms-horizon-800fb/mid-3699446.html
2026-08-22T09:34:50Z,tec24,Geringhoff,Geringhoff Rotadisc 1275 B,24.900 € Netto,17094 Pragsdorf,,2013,,https://de.tec24.com/c-20200/m-geringhoff/t-rotadisc-1275-b/mid-3706579.html
2026-08-22T09:34:50Z,tec24,Geringhoff,Geringhoff Rota-Disc,24.900 € Netto,39240 Calbe / Saale,,2013,,https://de.tec24.com/c-20200/m-geringhoff/t-rota-disc/mid-3703139.html
2026-08-22T09:34:50Z,tec24,Geringhoff,Geringhoff Rota Disc Rd800fb,23.500 € Netto,17094 Pragsdorf,,2008,,https://de.tec24.com/c-20200/m-geringhoff/t-rota-disc-rd800fb/mid-3701082.html
2026-08-22T09:34:50Z,tec24,Geringhoff,Geringhoff Zwischenförderaggregat,19.900 € Netto,48480 Spelle,,2024,,https://de.tec24.com/c-28800/m-geringhoff/t-zwischenfoerderaggregat/mid-3706118.html
2026-08-22T09:34:50Z,tec24,Geringhoff,Geringhoff Maisstar Horizont Ii,18.000 € Netto,84329 Wurmannsquick,,2010,,https://de.tec24.com/c-20200/m-geringhoff/t-maisstar-horizont-ii/mid-3494294.html
2026-08-22T09:34:50Z,tec24,Geringhoff,"Geringhoff Rota-Disc 800fb, Passend Zum Claas Lexion,",15.800 € Netto,48268 Greven,,2003,,https://de.tec24.com/c-20200/m-geringhoff/t-rota-disc-800fb-passend-zum-claas-lexion-/mid-3696908.html
2026-08-22T09:39:39Z,eBay Kleinanzeigen,Takeuchi TB 230,ITR Minibaggerkette 300x52.5Wx78 Takeuchi TB230,578 €,25767 Albersdorf,20.08.2026,,,https://www.kleinanzeigen.de/s-anzeige/itr-minibaggerkette-300x52-5wx78-takeuchi-tb230/3095598637-276-18557
2026-08-22T09:39:39Z,eBay Kleinanzeigen,Takeuchi TB 230,"Takeuchi TB 235 V3 Power-Tilt HS03 Kabine wie TB 230, 240",35.402 €,77790 Steinach Baden,06.08.2026,2016,,https://www.kleinanzeigen.de/s-anzeige/takeuchi-tb-235-v3-power-tilt-hs03-kabine-wie-tb-230-240/3477627971-276-8048
2026-08-22T09:39:39Z,eBay Kleinanzeigen,Takeuchi TB 230,Takeuchi TB 230 V3 3 t Minibagger inkl. Powertilt - 29.900€ netto,35.581 €,92224 Amberg,01.08.2026,2021,,https://www.kleinanzeigen.de/s-anzeige/takeuchi-tb-230-v3-3-t-minibagger-inkl-powertilt-29-900-netto/3448874600-276-5790
2026-08-22T09:39:39Z,eBay Kleinanzeigen,Takeuchi TB 250,Takeuchi TB 250,12.345 € VB,87534 Oberstaufen,"Gestern, 22:14",1981,,https://www.kleinanzeigen.de/s-anzeige/takeuchi-tb-250/3491013291-276-8600
2026-08-22T09:39:39Z,eBay Kleinanzeigen,Takeuchi TB 250,Bagger Takeuchi TB250-2 Powertilt HS03 Taklock Netto €54.900,65.331 € VB,88353 Kißlegg,"Gestern, 11:07",2023,,https://www.kleinanzeigen.de/s-anzeige/bagger-takeuchi-tb250-2-powertilt-hs03-taklock-netto-54-900/3441519903-276-8086
2026-08-22T09:39:39Z,eBay Kleinanzeigen,Takeuchi TB 250,Minibagger Takeuchi TB250,27.251 €,91610 Insingen,20.08.2026,2008,,https://www.kleinanzeigen.de/s-anzeige/minibagger-takeuchi-tb250/3477722229-276-9147
2026-08-22T09:39:39Z,eBay Kleinanzeigen,Takeuchi TB 250,Takeuchi TB 250-2  u. 260 u. 235,67.711 €,36199 Rotenburg,14.08.2026,2023,,https://www.kleinanzeigen.de/s-anzeige/takeuchi-tb-250-2-u-260-u-235/3484096438-276-4643
2026-08-22T09:39:39Z,eBay Kleinanzeigen,Takeuchi TB 250,Takeuchi TB250-2V3Powertilt  opt. Rotor als Sandwich,71.281 €,85748 Garching b München,12.08.2026,2024,,https://www.kleinanzeigen.de/s-anzeige/takeuchi-tb250-2v3powertilt-opt-rotor-als-sandwich/3482667096-276-6306
2026-08-22T09:39:39Z,eBay Kleinanzeigen,Takeuchi TB 250,"Takeuchi TB 250-2 V3 Taklock - Powertilt HS03 Netto € 59.500,00 + MwSt.",70.805 € VB,85748 Garching b München,12.08.2026,2024,,https://www.kleinanzeigen.de/s-anzeige/takeuchi-tb-250-2-v3-taklock-powertilt-hs03-netto-59-500-00-mwst-/3453188439-276-6306
2026-08-22T09:39:39Z,eBay Kleinanzeigen,Takeuchi TB 250,Takeuchi TB 250 ** 2x Löffel **,34.272 € VB,64658 Fürth,10.08.2026,2019,,https://www.kleinanzeigen.de/s-anzeige/takeuchi-tb-250-2x-loeffel-/3432550250-276-6809
2026-08-22T09:39:39Z,eBay Kleinanzeigen,Takeuchi TB 250,TAKEUCHI TB250-2 MINIBAGGER,43.435 € VB,91589 Aurach,09.08.2026,,,https://www.kleinanzeigen.de/s-anzeige/takeuchi-tb250-2-minibagger/3455199076-276-6107
2026-08-22T09:39:39Z,eBay Kleinanzeigen,Takeuchi TB 250,Takeuchi TB 250-2 V4,79.750 € VB,49377 Vechta,06.08.2026,2023,,https://www.kleinanzeigen.de/s-anzeige/takeuchi-tb-250-2-v4/3028215622-276-2573
2026-08-22T09:39:39Z,eBay Kleinanzeigen,Takeuchi TB 250,SUCHE Takeuchi TB 250 V3 / V4 (Powertilt/Oilquick/Ms03/Martin),40.000 €,88094 Oberteuringen,06.08.2026,2023,,https://www.kleinanzeigen.de/s-anzeige/suche-takeuchi-tb-250-v3-v4-powertilt-oilquick-ms03-martin-/3477499210-276-9217
2026-08-22T09:39:39Z,eBay Kleinanzeigen,Takeuchi TB 260,Takeuchi TB 260,36.000 € VB,83395 Freilassing,"Heute, 09:30",2015,4600 h,https://www.kleinanzeigen.de/s-anzeige/takeuchi-tb-260/3491148360-276-6273
2026-08-22T09:39:39Z,eBay Kleinanzeigen,Takeuchi TB 260,Neumaschine Takeuchi Tb 260 V 3 ohne Löffelpaket zu Verkaufen,80.850 € VB,57537 Wissen,20.08.2026,2023,,https://www.kleinanzeigen.de/s-anzeige/neumaschine-takeuchi-tb-260-v-3-ohne-loeffelpaket-zu-verkaufen/3415502000-276-1503
2026-08-22T09:39:39Z,eBay Kleinanzeigen,Takeuchi TB 260,Takeuchi TB 260DBF Vorführer,101.745 € VB,55411 Bingen,17.08.2026,2017,,https://www.kleinanzeigen.de/s-anzeige/takeuchi-tb-260dbf-vorfuehrer/3487471486-276-5119
2026-08-22T09:39:39Z,eBay Kleinanzeigen,Takeuchi TB 260,"Takeuchi TB 260 DPF V3 6,0t Minibagger Powertilt Taklock",86.751 €,92224 Amberg,08.08.2026,2025,,https://www.kleinanzeigen.de/s-anzeige/takeuchi-tb-260-dpf-v3-6-0t-minibagger-powertilt-taklock/3349254589-276-5790
2026-08-22T09:39:39Z,eBay Kleinanzeigen,Takeuchi TB 260,Türscheibe Takeuchi  TB 260 Bagger Scheibe Minibagger,80 €,82272 Moorenweis,07.08.2026,,,https://www.kleinanzeigen.de/s-anzeige/tuerscheibe-takeuchi-tb-260-bagger-scheibe-minibagger/3478410404-276-6314
2026-08-22T09:39:39Z,eBay Kleinanzeigen,Takeuchi TB 260,Takeuchi 6t TB 260 Kompaktbagger Minibagger ink Löffel,80.920 €,57076 Siegen,05.08.2026,2023,,https://www.kleinanzeigen.de/s-anzeige/takeuchi-6t-tb-260-kompaktbagger-minibagger-ink-loeffel/3452474335-276-1029
2026-08-22T09:39:39Z,eBay Kleinanzeigen,Takeuchi TB 260,"Minibagger Takeuchi TB 260 - Powertilt, MS03, Radio, Knickmatik",47.231 €,58099 Hagen,05.08.2026,2014,,https://www.kleinanzeigen.de/s-anzeige/minibagger-takeuchi-tb-260-powertilt-ms03-radio-knickmatik/3000982667-276-2013
2026-08-22T09:39:39Z,eBay Kleinanzeigen,Takeuchi TB 260,"Takeuchi TB260, bj.2019",35.998 €,13053 Hohenschönhausen,04.08.2026,2019,,https://www.kleinanzeigen.de/s-anzeige/takeuchi-tb260-bj-2019/3476364738-276-3357
2026-08-22T09:39:39Z,eBay Kleinanzeigen,Takeuchi TB 260,"Takeuchi TB 260 Powertilt NETTO 34580,-",41.500 € VB,94110 Wegscheid,26.07.2026,,,https://www.kleinanzeigen.de/s-anzeige/takeuchi-tb-260-powertilt-netto-34580-/3469282945-276-7467
2026-08-22T09:39:39Z,eBay Kleinanzeigen,Takeuchi TB 260,Takeuchi TB260 V3 Powertilt Klima Zentralschmierung ZSA,87.990 €,94244 Geiersthal,25.07.2026,2017,5008 h,https://www.kleinanzeigen.de/s-anzeige/takeuchi-tb260-v3-powertilt-klima-zentralschmierung-zsa/3282594439-276-15777
2026-08-22T09:39:39Z,eBay Kleinanzeigen,Takeuchi TB 260,Modell Takeuchi TB260 Kompaktbagger 1:35 Neu OVP,150 €,74357 Bönnigheim,05.07.2026,,,https://www.kleinanzeigen.de/s-anzeige/modell-takeuchi-tb260-kompaktbagger-1-35-neu-ovp/3451431217-23-8776
2026-08-22T09:39:39Z,eBay Kleinanzeigen,Takeuchi TB 290,Bagger Takeuchi TB290-2 Powertilt HS08 Taklock Netto €69.900,83.181 € VB,88353 Kißlegg,,2021,,https://www.kleinanzeigen.de/s-anzeige/bagger-takeuchi-tb290-2-powertilt-hs08-taklock-netto-69-900/3486792696-276-8086
2026-08-22T09:39:39Z,eBay Kleinanzeigen,Takeuchi TB 290,Bohrlafette Tamrock Menzi Muck Kaiser Takeuchi tb290 2150,10.000 €,83022 Rosenheim,"Heute, 05:47",,,https://www.kleinanzeigen.de/s-anzeige/bohrlafette-tamrock-menzi-muck-kaiser-takeuchi-tb290-2150/3491068251-239-7581
2026-08-22T09:39:39Z,eBay Kleinanzeigen,Takeuchi TB 290,Bagger Takeuchi TB290 Powertilt Verstellausleger Netto €59.900,71.281 € VB,88353 Kißlegg,"Gestern, 11:07",2018,,https://www.kleinanzeigen.de/s-anzeige/bagger-takeuchi-tb290-powertilt-verstellausleger-netto-59-900/3441476652-276-8086
2026-08-22T09:39:39Z,eBay Kleinanzeigen,Takeuchi TB 290,Takeuchi TB 290-2 CV V4 9 t Minibagger Taklock T1-3 Powertilt,101.150 €,92224 Amberg,"Gestern, 08:08",2023,,https://www.kleinanzeigen.de/s-anzeige/takeuchi-tb-290-2-cv-v4-9-t-minibagger-taklock-t1-3-powertilt/3465464691-276-5790
2026-08-22T09:39:39Z,eBay Kleinanzeigen,Takeuchi TB 290,Rototilt +Oilquick 3x Löffel Takeuchi TB 290 295W 175 NETTO 12900,15.480 € VB,94110 Wegscheid,20.08.2026,,,https://www.kleinanzeigen.de/s-anzeige/rototilt-oilquick-3x-loeffel-takeuchi-tb-290-295w-175-netto-12900/3332709259-276-7467
2026-08-22T09:39:39Z,eBay Kleinanzeigen,Takeuchi TB 290,Takeuchi Bagger TB 290-2 Monoblock V3 Powertilt Klima inkl. Mwst,104.125 €,55120 Mainz,20.08.2026,2023,,https://www.kleinanzeigen.de/s-anzeige/takeuchi-bagger-tb-290-2-monoblock-v3-powertilt-klima-inkl-mwst/3388776522-276-5323
2026-08-22T09:39:39Z,eBay Kleinanzeigen,Takeuchi TB 290,Kettenbagger TAKEUCHI TB 290,57.000 € VB,83088 Kiefersfelden,20.08.2026,2016,,https://www.kleinanzeigen.de/s-anzeige/kettenbagger-takeuchi-tb-290-/3465017543-276-7584
2026-08-22T09:39:39Z,eBay Kleinanzeigen,Takeuchi TB 290,"Kettenbagger Takeuchi TB290 CV 8,7t, 2018, ca. 3450h inkl. MwSt.",80.563 €,12557 Köpenick,19.08.2026,2018,,https://www.kleinanzeigen.de/s-anzeige/kettenbagger-takeuchi-tb290-cv-8-7t-2018-ca-3450h-inkl-mwst-/2563321669-276-3366
2026-08-22T09:39:39Z,eBay Kleinanzeigen,Takeuchi TB 290,Bagger Kompaktbagger TAKEUCHI TB290-2 Bj. 2025 107.000€ netto,127.330 €,17235 Neustrelitz,17.08.2026,2025,,https://www.kleinanzeigen.de/s-anzeige/bagger-kompaktbagger-takeuchi-tb290-2-bj-2025-107-000-netto/3117811798-276-64
2026-08-22T09:39:39Z,eBay Kleinanzeigen,Takeuchi TB 290,Takeuchi TB 290,73.780 €,90763 Fürth,13.08.2026,2018,4.238 h,https://www.kleinanzeigen.de/s-anzeige/takeuchi-tb-290/3483479576-276-6808
2026-08-22T09:39:39Z,eBay Kleinanzeigen,Takeuchi TB 290,"Takeuchi TB290-2 Bagger, Minibagger 2022 1965h (76000€ netto)",90.440 € VB,75038 Oberderdingen,12.08.2026,2022,1965 h,https://www.kleinanzeigen.de/s-anzeige/takeuchi-tb290-2-bagger-minibagger-2022-1965h-76000-netto-/3482725725-276-8799
2026-08-22T09:39:39Z,eBay Kleinanzeigen,Takeuchi TB 290,"Takeuchi TB 290-2 CV V4 9,0 t Minibagger Powertilt 85.000€ netto",101.150 €,92224 Amberg,08.08.2026,2023,,https://www.kleinanzeigen.de/s-anzeige/takeuchi-tb-290-2-cv-v4-9-0-t-minibagger-powertilt-85-000-netto/3242659442-276-5790
2026-08-22T09:39:39Z,eBay Kleinanzeigen,Takeuchi TB 290,Powertilt mit Lehnhoff HS 08 von Takeuchi TB 290,5.355 € VB,93489 Schorndorf,06.08.2026,,,https://www.kleinanzeigen.de/s-anzeige/powertilt-mit-lehnhoff-hs-08-von-takeuchi-tb-290/3477511084-276-8414
2026-08-22T09:39:39Z,eBay Kleinanzeigen,Takeuchi TB 290,Takeuchi TB 290 Top Zustand !!!,44.625 €,47799 Krefeld,05.08.2026,2018,,https://www.kleinanzeigen.de/s-anzeige/takeuchi-tb-290-top-zustand-/3477440469-276-1982
2026-08-22T09:39:39Z,Maschinensucher,Takeuchi TB 250,Minibagger Takeuchi TB250 Easy,35.500 €,Spanien,,2019,3.710 h,https://www.maschinensucher.de/takeuchi-tb250+easy/i-22413557
2026-08-22T09:39:39Z,Maschinensucher,Takeuchi TB 250,Minibagger Takeuchi TB 250 V3,34.500 €,Bad Mergentheim,,2015,3.500 h,https://www.maschinensucher.de/takeuchi-tb+250+v3/i-22347417
2026-08-22T09:39:39Z,Maschinensucher,Takeuchi TB 250,Minibagger Takeuchi TB250,30.000 €,Spanien,,2019,4.710 h,https://www.maschinensucher.de/takeuchi-tb250/i-22274097
2026-08-22T09:39:39Z,Maschinensucher,Takeuchi TB 250,Minibagger Takeuchi TB250,29.000 €,Spanien,,2017,6.360 h,https://www.maschinensucher.de/takeuchi-tb250/i-22134937
2026-08-22T09:39:39Z,Maschinensucher,Takeuchi TB 260,Minibagger TAKEUCHI TB 260 Minibagger Powertilt+Löffel nur 1957h,46.900 €,Peine,,2017,1.957 h,https://www.maschinensucher.de/takeuchi-tb+260+minibagger+powertilt%2Bl%C3%B6ffel+nur+1957h/i-21839963
2026-08-22T09:39:39Z,Maschinensucher,Takeuchi TB 290,Raupenbagger Takeuchi TB 290-2 CM/CV,86.000 €,Sistrans,,2024,1.300 h,https://www.maschinensucher.de/takeuchi-tb+290-2+cm%2Fcv/i-22148367
2026-08-22T09:39:39Z,Maschinensucher,Takeuchi TB 290,Midi-Bagger Takeuchi TB290,39.000 €,Spanien,,2017,6.970 h,https://www.maschinensucher.de/takeuchi-tb290/i-22134902
2026-08-22T09:39:39Z,Maschinensucher,Takeuchi TB 290,Minibagger Takeuchi TB 290,39.500 €,Ratschendorf,,2015,11.400 h,https://www.maschinensucher.de/takeuchi-tb+290/i-21979268
2026-08-22T09:39:39Z,Machinerypark,Takeuchi TB 230,Takeuchi TB230,13.510 EUR,"2600 Glostrup/Kopenhagen, Dänemark",,2017,4.765 h,https://de.machinerypark.com/minibagger/takeuchi-tb230-gebraucht-mgwm4656mn
2026-08-22T09:39:39Z,Machinerypark,Takeuchi TB 230,"Takeuchi TB 230 MSA V3 Power-Tilt HS03 wie TB240,  250",25.990 EUR,"77790 Steinach, Deutschland",,2016,,https://de.machinerypark.com/minibagger/takeuchi-tb-230-msa-v3-power-tilt-hs03-wie-tb240-250-gebraucht-dzvb2932aq
2026-08-22T09:39:39Z,Machinerypark,Takeuchi TB 230,"Takeuchi TB 230 MSA V3 Power-Tilt HS03 wie TB240,  250",31.900 EUR,"77790 Steinach, Deutschland",,2019,,https://de.machinerypark.com/minibagger/takeuchi-tb-230-msa-v3-power-tilt-hs03-wie-tb240-250-gebraucht-puxb6015dd
2026-08-22T09:39:39Z,Machinerypark,Takeuchi TB 230,"Takeuchi TB 230 V3 Power-Tilt HS03 wie TB240, TB250",35.900 EUR,"79108 Freiburg im Breisgau, Deutschland",,2020,,https://de.machinerypark.com/minibagger/takeuchi-tb-230-v3-power-tilt-hs03-wie-tb240-tb250-gebraucht-qgpq4822og
2026-08-22T09:39:39Z,Machinerypark,Takeuchi TB 250,Takeuchi TB 250 ( 2 pieces ),28.500 EUR,"3628GD Kockengen, Niederlande",,2020,,https://de.machinerypark.com/minibagger/takeuchi-tb-250-2-pieces-gebraucht-mfbe6488mb
2026-08-22T09:39:39Z,Machinerypark,Takeuchi TB 260,Takeuchi TB260,20.060 EUR,"2600 Glostrup/Kopenhagen, Dänemark",,2018,,https://de.machinerypark.com/minibagger/takeuchi-tb260-gebraucht-renv5047cf
2026-08-22T09:39:39Z,Machinerypark,Takeuchi TB 260,Takeuchi TB260,28.890 EUR,"2600 Glostrup/Kopenhagen, Dänemark",,2016,1.800 h,https://de.machinerypark.com/minibagger/takeuchi-tb260-gebraucht-tanh0767dk
2026-08-22T09:39:39Z,Machinerypark,Takeuchi TB 260,Takeuchi TB260,35.000 EUR,"2504 Sooß, Österreich",,2016,,https://de.machinerypark.com/minibagger/takeuchi-tb260-gebraucht-gamz5006dd
2026-08-22T09:39:39Z,Machinerypark,Takeuchi TB 260,Takeuchi TB 260 .,36.500 EUR,"47574 Goch, Deutschland",,2015,,https://de.machinerypark.com/minibagger/takeuchi-tb-260-gebraucht-znqh7132ch
2026-08-22T09:39:39Z,Machinerypark,Takeuchi TB 260,Takeuchi TB 260 V4 2x Löffel u. 250,59.800 EUR,"36199 Rotenburg, Deutschland",,2023,,https://de.machinerypark.com/minibagger/takeuchi-tb-260-v4-2x-l%C3%B6ffel-u-250-gebraucht-qpse9211ga
2026-08-22T09:39:39Z,Machinerypark,Takeuchi TB 290,Takeuchi TB290-2,33.980 EUR,"2600 Glostrup/Kopenhagen, Dänemark",,2021,,https://de.machinerypark.com/baumaschinen-sonstige/takeuchi-tb290-2-gebraucht-anwb2649gq
2026-08-22T09:39:39Z,Machinerypark,Takeuchi TB 290,Takeuchi TB290,28.760 EUR,"2600 Glostrup/Kopenhagen, Dänemark",,2016,,https://de.machinerypark.com/baumaschinen-sonstige/takeuchi-tb290-gebraucht-anbc3045qq
2026-08-22T09:39:39Z,Machinerypark,Takeuchi TB 290,Takeuchi TB290,30.100 EUR,"2600 Glostrup/Kopenhagen, Dänemark",,2019,,https://de.machinerypark.com/baumaschinen-sonstige/takeuchi-tb290-gebraucht-lrqg4051mb
2026-08-22T09:39:39Z,Machinerypark,Takeuchi TB 290,Takeuchi TB290-2,66.880 EUR,"2600 Glostrup/Kopenhagen, Dänemark",,2023,1.863 h,https://de.machinerypark.com/baumaschinen-sonstige/takeuchi-tb290-2-gebraucht-zvph4672bb
2026-08-22T09:39:39Z,Machinerypark,Takeuchi TB 290,Takeuchi TB290-2,43.210 EUR,"2600 Glostrup/Kopenhagen, Dänemark",,2019,2.097 h,https://de.machinerypark.com/baumaschinen-sonstige/takeuchi-tb290-2-gebraucht-hwsf4096bk
2026-08-22T09:39:39Z,Machineryline,Takeuchi TB 230,Takeuchi TB230,8.000 € Ohne MwSt.,"Belgien, Antwerp",,2017,3100 h,https://machineryline.de/-/Versteigerung/Kettenbagger/Takeuchi/TB230--26082017515730168100
2026-08-22T09:39:39Z,Machineryline,Takeuchi TB 230,Takeuchi TB230,13.640 € 102.000 DKK,"Dänemark, Tølløse",,,3.081 h,https://machineryline.de/-/Versteigerung/Teleskopstapler/Takeuchi/TB230--26081917434816655900
2026-08-22T09:39:39Z,Machineryline,Takeuchi TB 230,Takeuchi TB230,23.400 € Ohne MwSt.,"Polen, Szalejów Dolny",,2016,5.706 h,https://machineryline.de/-/Verkauf/Minibagger/Takeuchi/TB230--26041514080875896800
2026-08-22T09:39:39Z,Machineryline,Takeuchi TB 230,Takeuchi TB 230,25.000 € Ohne MwSt.,"Spanien, A Coruña",,2016,5.996 h,https://machineryline.de/-/Verkauf/Minibagger/Takeuchi/TB-230--26080409310966032300
2026-08-22T09:39:39Z,Machineryline,Takeuchi TB 230,Takeuchi TB230,23.000 € Ohne MwSt.,"Spanien, A Coruña",,2016,7.753 h,https://machineryline.de/-/Verkauf/Minibagger/Takeuchi/TB230--26073108052438400700
2026-08-22T09:39:39Z,Machineryline,Takeuchi TB 230,Takeuchi TB230,29.900 € Ohne MwSt.,"Slowenien, Gomilsko",,2017,3.410 h,https://machineryline.de/-/Verkauf/Minibagger/Takeuchi/TB230--26011217355448001200
2026-08-22T09:39:39Z,Machineryline,Takeuchi TB 230,Takeuchi TB230,29.900 € Ohne MwSt.,"Slowenien, Gomilsko",,2017,3.355 h,https://machineryline.de/-/Verkauf/Minibagger/Takeuchi/TB230--26012917363464741100
2026-08-22T09:39:39Z,Machineryline,Takeuchi TB 230,Takeuchi TB 230,29.000 € Ohne MwSt.,"Spanien, A Coruña",,2017,4.600 h,https://machineryline.de/-/Verkauf/Minibagger/Takeuchi/TB-230--26072016385149570100
2026-08-22T09:39:39Z,Machineryline,Takeuchi TB 230,Takeuchi TB 230,27.000 € Ohne MwSt.,"Spanien, A Coruña",,2017,4.659 h,https://machineryline.de/-/Verkauf/Minibagger/Takeuchi/TB-230--26072016240167411100
2026-08-22T09:39:39Z,Machineryline,Takeuchi TB 230,Takeuchi TB230,29.999 € Ohne MwSt.,"Polen, Zblew",,2021,1.100 h,https://machineryline.de/-/Verkauf/Minibagger/Takeuchi/TB230--25081815174219880800
2026-08-22T09:39:39Z,Machineryline,Takeuchi TB 230,Takeuchi TB230 V3,46.400 € 199.900 PLN,"Polen, Gorlice",,2024,1.430 h,https://machineryline.de/-/Verkauf/Minibagger/Takeuchi/TB230-V3--26041616552583774300
2026-08-22T09:39:39Z,Machineryline,Takeuchi TB 250,Takeuchi TB 250 Minibagger Powertilt+Löffel nur 1833h,39.900 € Ohne MwSt.,"Deutschland, Peine",,,1.902 h,https://machineryline.de/-/Verkauf/Minibagger/Takeuchi/TB-250-Minibagger-Powertilt-Loffel-nur-1833h--26050317280060129500
2026-08-22T09:39:39Z,Machineryline,Takeuchi TB 250,Takeuchi TB250,27.900 €,"Deutschland, Oberderdingen",,2014,7.040 h,https://machineryline.de/-/Verkauf/Minibagger/Takeuchi/TB250--26070712013991071400
2026-08-22T09:39:39Z,Machineryline,Takeuchi TB 250,Takeuchi TB250,28.000 € Ohne MwSt.,"Spanien, SANTA OLALLA (TOLEDO)",,2015,7.225 h,https://machineryline.de/-/Verkauf/Minibagger/Takeuchi/TB250--26061718562054974200
2026-08-22T09:39:39Z,Machineryline,Takeuchi TB 250,Takeuchi TB 250 5 ton rups graafmachine excavator bagger,19.500 € Ohne MwSt.,"Niederlande, Zevenbergen",,2013,6.208 h,https://machineryline.de/-/Verkauf/Minibagger/Takeuchi/TB-250-5-ton-rups-graafmachine-excavator-bagger--26081917444811944100
2026-08-22T09:39:39Z,Machineryline,Takeuchi TB 250,Takeuchi TB250,30.000 € Ohne MwSt.,"Spanien, Olesa De Monserrat",,2018,6.110 h,https://machineryline.de/-/Verkauf/Minibagger/Takeuchi/TB250--25102213521546850400
2026-08-22T09:39:39Z,Machineryline,Takeuchi TB 250,Takeuchi TB250,36.900 € 890.000 CZK,Tschechien,,2015,5.985 h,https://machineryline.de/-/Verkauf/Minibagger/Takeuchi/TB250--25041413432183384200
2026-08-22T09:39:39Z,Machineryline,Takeuchi TB 250,Takeuchi TB250,21.900 € Ohne MwSt.,"Kroatien, Sesvete-Kraljevec",,2015,4.763 h,https://machineryline.de/-/Verkauf/Minibagger/Takeuchi/TB250--26061917143088858800
2026-08-22T09:39:39Z,Machineryline,Takeuchi TB 250,Takeuchi TB250 Easy,35.500 € Ohne MwSt.,"Spanien, Bilbao",,2019,3.710 h,https://machineryline.de/-/Verkauf/Minibagger/Takeuchi/TB250-Easy--26072417022038577400
2026-08-22T09:39:39Z,Machineryline,Takeuchi TB 250,Takeuchi TB250,28.000 € Ohne MwSt.,"Spanien, El Burgo De Ebro",,2017,7.060 h,https://machineryline.de/-/Verkauf/Minibagger/Takeuchi/TB250--26042116174448909000
2026-08-22T09:39:39Z,Machineryline,Takeuchi TB 250,Takeuchi TB 250,28.800 € Ohne MwSt.,"Deutschland, Fürth ( Hessen )",,2019,2.751 h,https://machineryline.de/-/Verkauf/Minibagger/Takeuchi/TB-250--26061116563590865700
2026-08-22T09:39:39Z,Machineryline,Takeuchi TB 250,Takeuchi TB250,30.000 € Ohne MwSt.,"Spanien, El Burgo De Ebro",,2019,4.710 h,https://machineryline.de/-/Verkauf/Minibagger/Takeuchi/TB250--26070617015551970100
2026-08-22T09:39:39Z,Machineryline,Takeuchi TB 260,Takeuchi tb 260 ( 5.735kg ) hydr. sw + 3 löffel,43.911 € Inklusive MwSt,"Deutschland, Hamburg",,2016,2.547 h,https://machineryline.de/-/Verkauf/Minibagger/Takeuchi/tb-260-5-735kg-hydr-sw-3-loffel--26082110295762886500
2026-08-22T09:39:39Z,Machineryline,Takeuchi TB 260,Takeuchi TB 260 Minibagger Powertilt+Löffel nur 1957h,46.900 € Ohne MwSt.,"Deutschland, Peine",,,1.957 h,https://machineryline.de/-/Verkauf/Minibagger/Takeuchi/TB-260-Minibagger-Powertilt-Loffel-nur-1957h--26050317275391178900
2026-08-22T09:39:39Z,Machineryline,Takeuchi TB 260,Takeuchi tb260,37.500 € Ohne MwSt.,"Kroatien, Virovitica",,2017,3.490 h,https://machineryline.de/-/Verkauf/Kettenbagger/Takeuchi/tb260--26082109464212368600
2026-08-22T09:39:39Z,Machineryline,Takeuchi TB 260,Takeuchi TB260,20.060 € 150.000 DKK,"Dänemark, Fyn",,2018,5.600 h,https://machineryline.de/-/Versteigerung/Minibagger/Takeuchi/TB260--26081811370011427300
2026-08-22T09:39:39Z,Machineryline,Takeuchi TB 260,Takeuchi TB 260,40.390 € 174.000 PLN,"Polen, Jazowsko 490",,2019,2.800 h,https://machineryline.de/-/Verkauf/Minibagger/Takeuchi/TB-260--26080714054467500400
2026-08-22T09:39:39Z,Machineryline,Takeuchi TB 260,Takeuchi TB 260,36.500 € Ohne MwSt.,"Deutschland, Goch",,2015,4.260 h,https://machineryline.de/-/Verkauf/Minibagger/Takeuchi/TB-260---26062521414544243400
2026-08-22T09:39:39Z,Machineryline,Takeuchi TB 260,Takeuchi TB260,39.900 € Ohne MwSt.,"Slowenien, Gomilsko",,2020,4.655 h,https://machineryline.de/-/Verkauf/Minibagger/Takeuchi/TB260--26073118444481525500
2026-08-22T09:39:39Z,Machineryline,Takeuchi TB 260,Takeuchi TB260,25.894 €,"Deutschland, Fürstenstein",,2014,7.629 h,https://machineryline.de/-/Verkauf/Minibagger/Takeuchi/TB260--24102207554864781900
2026-08-22T09:39:39Z,Machineryline,Takeuchi TB 260,Takeuchi TB260 TMK300,44.500 €,"Litauen, Vilnius",,2022,2.800 h,https://machineryline.de/-/Verkauf/Minibagger/Takeuchi/TB260-TMK300--26060415472175869500
2026-08-22T09:39:39Z,Machineryline,Takeuchi TB 260,Takeuchi TB260,28.890 € 216.000 DKK,"Dänemark, Sjælland",,2016,1.800 h,https://machineryline.de/-/Versteigerung/Minibagger/Takeuchi/TB260--26041123521492058000
2026-08-22T09:39:39Z,Machineryline,Takeuchi TB 260,Takeuchi TB260,35.000 €,"Österreich, Sooß bei Wien",,2016,6.500 h,https://machineryline.de/-/Verkauf/Minibagger/Takeuchi/TB260--25112418413450538200
2026-08-22T09:39:39Z,Machineryline,Takeuchi TB 260,Takeuchi TB 260,74.000 €,"Rumänien, Hunedoara",,2022,88 h,https://machineryline.de/-/Verkauf/Minibagger/Takeuchi/TB-260--26040111164144815600
2026-08-22T09:39:39Z,Machineryline,Takeuchi TB 290,"Takeuchi Minibagger  TB 290 PowerTilt, Klima, Schaufel 1,80",52.800 € Ohne MwSt.,"Deutschland, Delbrück",,2017,3.108 h,https://machineryline.de/-/Verkauf/Minibagger/Takeuchi/Minibagger-TB-290-PowerTilt-Klima-Schaufel-1-80--26080109535046241800
2026-08-22T09:39:39Z,Machineryline,Takeuchi TB 290,Takeuchi TB290-2,76.000 €,"Deutschland, Oberderdingen",,2022,1.965 h,https://machineryline.de/-/Verkauf/Minibagger/Takeuchi/TB290-2--26081216402517581600
2026-08-22T09:39:39Z,Machineryline,Takeuchi TB 290,Takeuchi TB 290 Minibagger Powertilt+Löffel 4803h,44.900 € Ohne MwSt.,"Deutschland, Peine",,,4.804 h,https://machineryline.de/-/Verkauf/Minibagger/Takeuchi/TB-290-Minibagger-Powertilt-Loffel-4803h--26050317275860073300
2026-08-22T09:39:39Z,Machineryline,Takeuchi TB 290,Takeuchi TB 290,28.980 € 699.000 CZK,"Tschechien, Jesenice U Prahy",,2017,6.016 h,https://machineryline.de/-/Versteigerung/Minibagger/Takeuchi/TB-290--26081923112710360000
2026-08-22T09:39:39Z,Machineryline,Takeuchi TB 290,Takeuchi TB290,42.000 € Ohne MwSt.,"Spanien, Madrid",,2017,8.470 h,https://machineryline.de/-/Verkauf/Minibagger/Takeuchi/TB290--24020619341034928300
2026-08-22T09:39:39Z,Machineryline,Takeuchi TB 290,Takeuchi TB290,42.000 € Ohne MwSt.,"Spanien, Madrid",,2018,8.630 h,https://machineryline.de/-/Verkauf/Minibagger/Takeuchi/TB290--25102213522868871900
2026-08-22T09:39:39Z,Machineryline,Takeuchi TB 290,Takeuchi TB290,42.000 € Ohne MwSt.,"Spanien, Madrid",,2018,8.790 h,https://machineryline.de/-/Verkauf/Midibagger/Takeuchi/TB290--25102213522633180600
2026-08-22T09:39:39Z,Machineryline,Takeuchi TB 290,Takeuchi TB290,42.000 € Ohne MwSt.,"Spanien, Olesa De Monserrat",,2018,6.750 h,https://machineryline.de/-/Verkauf/Midibagger/Takeuchi/TB290--25090214421093555700
2026-08-22T09:39:39Z,Machineryline,Takeuchi TB 290,Takeuchi TB290-2,69.640 € 300.000 PLN,"Polen, Wielkie Drogi",,2023,1.164 h,https://machineryline.de/-/Verkauf/Kettenbagger/Takeuchi/TB290-2--26032323562919727700
2026-08-22T09:39:39Z,Machineryline,Takeuchi TB 290,Takeuchi TB 290,42.155 € Ohne MwSt.,"Spanien, Alcalá de Guadaíra",,2015,4.758 h,https://machineryline.de/-/Verkauf/Minibagger/Takeuchi/TB-290--26022810475284537900
2026-08-22T12:48:59Z,eBay Kleinanzeigen,Takeuchi TB 290,Minibagger Takeuchi TB 290 mit SW08 und Rückfahrkamera Roadliner,82.646 € VB,58099 Hagen,"Heute, 14:00",,,https://www.kleinanzeigen.de/s-anzeige/minibagger-takeuchi-tb-290-mit-sw08-und-rueckfahrkamera-roadliner/2269633814-276-2013
2026-08-23T12:08:05Z,eBay Kleinanzeigen,Geringhoff,Geringhoff MSH 800FB Maisstar Horizon 8 Reihen New Holland CASE,85.680 €,94501 Aldersbach,"Gestern, 19:04",,,https://www.kleinanzeigen.de/s-anzeige/geringhoff-msh-800fb-maisstar-horizon-8-reihen-new-holland-case/3281337759-276-13525
2026-08-23T12:08:05Z,eBay Kleinanzeigen,Takeuchi TB 175,Powertilt MS08 Original Lehnhoff Takeuchi TB070 TB175 TB290,6.843 €,84130 Dingolfing,"Gestern, 20:06",,,https://www.kleinanzeigen.de/s-anzeige/powertilt-ms08-original-lehnhoff-takeuchi-tb070-tb175-tb290/3417254879-276-6043
2026-08-23T12:08:05Z,Maschinensucher,Takeuchi TB 290,Minibagger TAKEUCHI TB 290 Minibagger Powertilt+Löffel 4804h,44.900 €,Peine,,2014,4.804 h,https://www.maschinensucher.de/takeuchi-tb+290+minibagger+powertilt%2Bl%C3%B6ffel+4804h/i-21839978
2026-08-23T18:13:47Z,eBay Kleinanzeigen,Claas Conspeed,Claas CONSPEED 6-75 FC Maispflücker / 300492240,17.731 € VB,49716 Meppen,"Heute, 19:08",,,https://www.kleinanzeigen.de/s-anzeige/claas-conspeed-6-75-fc-maispfluecker-300492240/3466884393-276-3030
2026-08-23T18:13:47Z,eBay Kleinanzeigen,Geringhoff,Geringhoff Kronrad 47 Zähne,420 € VB,76344 Eggenstein-​Leopoldshafen,"Heute, 18:53",,,https://www.kleinanzeigen.de/s-anzeige/geringhoff-kronrad-47-zaehne/3492972164-276-8827
2026-08-24T05:09:05Z,eBay Kleinanzeigen,Takeuchi TB 250,Minibagger Takeuchi TB250-2 V4 630h 54.990€ netto Baujahr 2023,65.468 €,57076 Siegen,"Gestern, 21:30",2023,,https://www.kleinanzeigen.de/s-anzeige/minibagger-takeuchi-tb250-2-v4-630h-54-990-netto-baujahr-2023/3394300797-276-1029
2026-08-24T17:47:58Z,eBay Kleinanzeigen,Claas Conspeed,CLAAS Conspeed 6-75 FC - Maispflücker/Maisvorsatz - Netto 18.000€,21.420 € VB,84405 Dorfen,"Heute, 19:03",,,https://www.kleinanzeigen.de/s-anzeige/claas-conspeed-6-75-fc-maispfluecker-maisvorsatz-netto-18-000-/2990800720-276-5690
2026-08-24T17:47:58Z,eBay Kleinanzeigen,Geringhoff,Ziegler 8S CornChampion Maispflücker Mähdrescher Geringhoff Claas,17.580 €,33378 Rheda-​Wiedenbrück,"Heute, 08:21",2026,,https://www.kleinanzeigen.de/s-anzeige/ziegler-8s-cornchampion-maispfluecker-maehdrescher-geringhoff-claas/3493264411-276-1649
2026-08-24T17:47:58Z,eBay Kleinanzeigen,Takeuchi TB 290,Takeuchi TB290 Powertilt HS08 Lehnhoff 98.900 netto,117.691 € VB,25779 Norderheistedt,"Heute, 12:07",,,https://www.kleinanzeigen.de/s-anzeige/takeuchi-tb290-powertilt-hs08-lehnhoff-98-900-netto/3444039824-276-23531
2026-08-24T17:47:58Z,Machinerypark,Takeuchi TB 290,Takeuchi TB 290-2 CM V4,82.500 EUR,"32257 Bünde, Deutschland",,2023,1.080 h,https://de.machinerypark.com/kettenbagger/takeuchi-tb-290-2-cm-v4-gebraucht-rbjg1188ng
2026-08-24T17:47:58Z,Machineryline,Takeuchi TB 260,Takeuchi TB260,2.167 € Ohne MwSt.,"Finnland, Helsinki",,,5.697 h,https://machineryline.de/-/Versteigerung/Minibagger/Takeuchi/TB260--26082412583126063000
2026-08-26T04:08:49Z,eBay Kleinanzeigen,Geringhoff,Fendt Ideal 9T mit Geringhoff Maispflücker MSH875,328.000 €,84183 Niederviehbach,"Gestern, 20:08",,,https://www.kleinanzeigen.de/s-anzeige/fendt-ideal-9t-mit-geringhoff-maispfluecker-msh875/3468408475-276-6050
2026-08-26T04:08:49Z,eBay Kleinanzeigen,Takeuchi TB 175,Takeuchi TB 175 CV  Hubzylinder Hydraulikzylinder,2.000 €,53937 Schleiden,"Gestern, 17:03",,,https://www.kleinanzeigen.de/s-anzeige/takeuchi-tb-175-cv-hubzylinder-hydraulikzylinder/3123980401-276-1681
2026-08-26T04:08:49Z,eBay Kleinanzeigen,Takeuchi TB 175,Takeuchi TB 175 CV Verstellzylinder Hydraulikzylinder,1.500 €,53937 Schleiden,"Gestern, 16:03",,,https://www.kleinanzeigen.de/s-anzeige/takeuchi-tb-175-cv-verstellzylinder-hydraulikzylinder/3123986783-276-1681
2026-08-26T04:08:49Z,eBay Kleinanzeigen,Takeuchi TB 260,2019 Takeuchi TB260 Bagger mit Rototilt und Anbaugeräten,18.000 €,85055 Ingolstadt,"Gestern, 23:25",2019,,https://www.kleinanzeigen.de/s-anzeige/2019-takeuchi-tb260-bagger-mit-rototilt-und-anbaugeraeten/3494932359-276-7613
2026-08-26T04:08:49Z,Machinerypark,Takeuchi TB 230,Takeuchi TB 230,22.500 EUR,"3628GD Kockengen, Niederlande",,2017,,https://de.machinerypark.com/minibagger/takeuchi-tb-230-gebraucht-eqqh8883dq
2026-08-26T04:08:49Z,Machinerypark,Takeuchi TB 250,Takeuchi TB 250,28.500 EUR,"3628GD Kockengen, Niederlande",,2020,8.950 h,https://de.machinerypark.com/minibagger/takeuchi-tb-250-gebraucht-mfbe6488mb
2026-08-26T04:08:49Z,Machineryline,Takeuchi TB 175,Takeuchi TB175C,15.800 $ ≈ 13.510 €,"China, Beijing",,,1.750 h,https://machineryline.de/-/Verkauf/Midibagger/Takeuchi/TB175C--26082517561029290000
2026-08-26T04:08:49Z,Machineryline,Takeuchi TB 230,Takeuchi TB230,12.800 $ ≈ 10.940 €,"China, Beijing",,,1.745 h,https://machineryline.de/-/Verkauf/Minibagger/Takeuchi/TB230--26082511583463175700
2026-08-26T04:08:49Z,Machineryline,Takeuchi TB 250,JCB 51R-1 MINI-KOPARKA 2017R. | JCB 8055 TAKEUCHI TB 250 CAT 305 YAN,22.050 € 95.000 PLN,"Polen, Milicz",,,5.345 h,https://machineryline.de/-/Verkauf/Minibagger/JCB/51R-1-MINI-KOPARKA-2017R-JCB-8055-TAKEUCHI-TB-250-CAT-305-YAN--26082515481515713000
2026-08-27T06:33:53Z,eBay Kleinanzeigen,Claas Conspeed,Maispflücker Claas Conspeed 6-75 FC,18.000 €,66773 Schwalbach,"Heute, 05:52",2003,,https://www.kleinanzeigen.de/s-anzeige/maispfluecker-claas-conspeed-6-75-fc/3495807908-276-301
2026-08-27T06:33:53Z,eBay Kleinanzeigen,Claas Conspeed,claas conspeed Maispflücker,14.990 €,49774 Lähden,"Gestern, 17:50",,,https://www.kleinanzeigen.de/s-anzeige/claas-conspeed-maispfluecker/3495531730-276-3027
2026-08-27T06:33:53Z,eBay Kleinanzeigen,Claas Conspeed,claas kolbenpflücker conspeed 4-75SL,7.000 €,46419 Isselburg,"Gestern, 13:14",,,https://www.kleinanzeigen.de/s-anzeige/claas-kolbenpfluecker-conspeed-4-75sl/3495254811-276-1848
2026-08-27T06:33:53Z,eBay Kleinanzeigen,Claas Conspeed,Förderkette Claas Conspeed Maispflücker,150 €,26899 Rhede,"Gestern, 13:03",,,https://www.kleinanzeigen.de/s-anzeige/foerderkette-claas-conspeed-maispfluecker/3125128414-276-2768
2026-08-27T06:33:53Z,eBay Kleinanzeigen,Takeuchi TB 230,"Takeuchi Kabine passend für TB 230, 240",10.115 €,49090 Osnabrück,09.08.2026,,,https://www.kleinanzeigen.de/s-anzeige/takeuchi-kabine-passend-fuer-tb-230-240/3322717619-276-3123
2026-08-27T06:33:53Z,Machinerypark,Takeuchi TB 250,Takeuchi TB 250-2 V4,53.500 EUR,"49377 Vechta, Deutschland",,2024,750 h,https://de.machinerypark.com/bauger%C3%A4te-sonstige/takeuchi-tb-250-2-v4-gebraucht-ckuq9686ed
2026-08-27T06:33:53Z,Machinerypark,Takeuchi TB 290,Takeuchi TB 290-2 CM V4,82.500 EUR,"32257 Bünde, Deutschland",,2023,1.080 h,https://de.machinerypark.com/bauger%C3%A4te-sonstige/takeuchi-tb-290-2-cm-v4-gebraucht-rbjg1188ng
2026-08-27T06:33:53Z,Machineryline,Takeuchi TB 230,Takeuchi TB230,8.000 € Ohne MwSt.,"Belgien, Antwerp",,,3.100 h,https://machineryline.de/-/Versteigerung/Kettenbagger/Takeuchi/TB230--26082612425504020400
2026-08-27T06:33:53Z,Machineryline,Takeuchi TB 290,Takeuchi TB290-2,56.000 € Ohne MwSt.,"Niederlande, Groesbeek",,,4.709 h,https://machineryline.de/-/Verkauf/Minibagger/Takeuchi/TB290-2--26011410145526130300
2026-08-28T05:45:02Z,eBay Kleinanzeigen,Geringhoff,Geringhoff Maispflücker  Mähdrescher Deutz Fahr Claas John Deere,8.480 € VB,33378 Rheda-​Wiedenbrück,"Gestern, 10:49",,,https://www.kleinanzeigen.de/s-anzeige/geringhoff-maispfluecker-maehdrescher-deutz-fahr-claas-john-deere/3495951438-276-1649
2026-08-28T05:45:02Z,eBay Kleinanzeigen,Geringhoff,Geringhoff Maispflücker Mähdrescher Deutz Fahr Claas John Deere,4.580 € VB,33378 Rheda-​Wiedenbrück,"Gestern, 08:42",,,https://www.kleinanzeigen.de/s-anzeige/geringhoff-maispfluecker-maehdrescher-deutz-fahr-claas-john-deere/3495855224-276-1649
2026-08-28T05:45:02Z,eBay Kleinanzeigen,Takeuchi TB 260,"Takeuchi TB 260 Kettenbagger, Minibagger inkl. 3 Löffel",28.700 € VB,59302 Oelde,"Gestern, 19:24",,,https://www.kleinanzeigen.de/s-anzeige/takeuchi-tb-260-kettenbagger-minibagger-inkl-3-loeffel/3496405713-276-1457
2026-08-28T05:45:02Z,eBay Kleinanzeigen,Takeuchi TB 290,"Takeuchi TB290-2,Tilt,Taklock,2x Löffel",62.951 €,97993 Creglingen,"Gestern, 15:39",,,https://www.kleinanzeigen.de/s-anzeige/takeuchi-tb290-2-tilt-taklock-2x-loeffel/3496212712-276-8638
2026-08-28T05:45:02Z,Machinerypark,Takeuchi TB 250,Takeuchi TB250-2,51.500 EUR,"9288 GB KOOTSTERTILLE, Niederlande",,2022,,https://de.machinerypark.com/minibagger/takeuchi-tb250-2-gebraucht-zvfe2659qq
2026-08-28T05:45:02Z,Machineryline,Takeuchi TB 175,Takeuchi Tb175,3.000 € Ohne MwSt.,"Rumänien, Negresti-Oas, Satu Mare",,,,https://machineryline.de/-/Versteigerung/Midibagger/Takeuchi/Tb175--26082801301011566900
2026-08-31T03:59:58Z,eBay Kleinanzeigen,Geringhoff,Ziegler 8S CornChampion Maispflücker Mähdrescher Geringhoff Claas,17.580 € VB,33378 Rheda-​Wiedenbrück,28.08.2026,2026,,https://www.kleinanzeigen.de/s-anzeige/ziegler-8s-cornchampion-maispfluecker-maehdrescher-geringhoff-claas/3496945654-276-1649
2026-08-31T03:59:58Z,eBay Kleinanzeigen,Takeuchi TB 145,TAKEUCHI TB145,15.900 €,30459 Ricklingen,28.08.2026,,,https://www.kleinanzeigen.de/s-anzeige/takeuchi-tb145/3496828209-276-3192
2026-08-31T03:59:58Z,eBay Kleinanzeigen,Takeuchi TB 175,"Takeuchi TB070, TB175, Midibagger, Bagger, Kettenbagger",14.250 €,21079 Harburg,,,,https://www.kleinanzeigen.de/s-anzeige/takeuchi-tb070-tb175-midibagger-bagger-kettenbagger/3472985653-276-23468
2026-08-31T03:59:58Z,eBay Kleinanzeigen,Takeuchi TB 175,Takeuchi TB 175 145 Dachscheibe Dachfenster,175 € VB,85250 Altomünster,"Gestern, 13:19",,,https://www.kleinanzeigen.de/s-anzeige/takeuchi-tb-175-145-dachscheibe-dachfenster/3498749848-276-7191
2026-08-31T03:59:58Z,eBay Kleinanzeigen,Takeuchi TB 175,Takeuchi Kompaktbagger TB 175 C SSA Monoblock mit Powertilt und Taklock,43.500 €,84051 Essenbach,28.08.2026,,,https://www.kleinanzeigen.de/s-anzeige/takeuchi-kompaktbagger-tb-175-c-ssa-monoblock-mit-powertilt-und-taklock-/3471646029-276-6393
2026-08-31T03:59:58Z,eBay Kleinanzeigen,Takeuchi TB 250,Takeuchi TAKEUCHI TB250-2 (235 260 50 55 303 305 240,43.435 €,91589 Aurach,"Gestern, 09:26",,,https://www.kleinanzeigen.de/s-anzeige/takeuchi-takeuchi-tb250-2-235-260-50-55-303-305-240/3498409220-276-6107
2026-08-31T03:59:58Z,eBay Kleinanzeigen,Takeuchi TB 250,Takeuchi TAKEUCHI TB250-2 (235 260 50 55 303 305 240,43.435 €,91589 Aurach,"Gestern, 09:26",,,https://www.kleinanzeigen.de/s-anzeige/takeuchi-takeuchi-tb250-2-235-260-50-55-303-305-240/3498408449-276-6107
2026-08-31T03:59:58Z,eBay Kleinanzeigen,Takeuchi TB 250,Takeuchi TAKEUCHI TB250-2 (235 260 50 55 303 305 240,43.435 €,91589 Aurach,"Gestern, 09:25",,,https://www.kleinanzeigen.de/s-anzeige/takeuchi-takeuchi-tb250-2-235-260-50-55-303-305-240/3498407835-276-6107
2026-08-31T03:59:58Z,eBay Kleinanzeigen,Takeuchi TB 250,Takeuchi TAKEUCHI TB250-2 (235 260 50 55 303 305 240,43.435 €,91589 Aurach,"Gestern, 09:23",,,https://www.kleinanzeigen.de/s-anzeige/takeuchi-takeuchi-tb250-2-235-260-50-55-303-305-240/3498406531-276-6107
2026-08-31T03:59:58Z,eBay Kleinanzeigen,Takeuchi TB 260,Takeuchi TB 260 Minibagger Powertilt+Löffel nur 1957h,55.811 €,31228 Peine,02.05.2026,,,https://www.kleinanzeigen.de/s-anzeige/takeuchi-tb-260-minibagger-powertilt-loeffel-nur-1957h/3397809769-276-2676
2026-08-31T03:59:58Z,eBay Kleinanzeigen,Takeuchi TB 290,*Takeuchi TB290-2*Takeuchi*TB 290*8t Bagger*Kettenbagger*Bagger*,62.951 €,97993 Creglingen,28.08.2026,2019,,https://www.kleinanzeigen.de/s-anzeige/-takeuchi-tb290-2-takeuchi-tb-290-8t-bagger-kettenbagger-bagger-/3497307363-276-8638
2026-08-31T03:59:58Z,Machineryline,Takeuchi TB 250,JCB 51R-1 MINI-KOPARKA 2017R. | JCB 8055 TAKEUCHI TB 250 CAT 305 YAN,21.910 € 95.000 PLN,"Polen, Milicz",,,5.345 h,https://machineryline.de/-/Verkauf/Minibagger/JCB/51R-1-MINI-KOPARKA-2017R-JCB-8055-TAKEUCHI-TB-250-CAT-305-YAN--26082814172926236100
2026-08-31T03:59:58Z,Machineryline,Takeuchi TB 290,Takeuchi TB290-2,66.890 € 500.000 DKK,"Dänemark, Sjælland",,,1.863 h,https://machineryline.de/-/Versteigerung/Midibagger/Takeuchi/TB290-2--26061105284755098700
2026-08-31T04:03:52Z,eBay Kleinanzeigen,Komatsu PC210,Komatsu PC210LC-11EO++OQ70/55++wie neu++,127.925 €,54646 Wettlingen,29.08.2026,2022,,https://www.kleinanzeigen.de/s-anzeige/komatsu-pc210lc-11eo-oq70-55-wie-neu-/3497856488-276-5441
2026-08-31T04:03:52Z,eBay Kleinanzeigen,Komatsu PC210,Komatsu PC210LC-5K,27.800 € VB,73525 Schwäbisch Gmünd,29.08.2026,,,https://www.kleinanzeigen.de/s-anzeige/komatsu-pc210lc-5k/3497460962-241-9009
2026-08-31T04:03:52Z,eBay Kleinanzeigen,Komatsu PC210,Kettenbagger Komatsu PC 210 Bagger,8.900 €,74376 Gemmrigheim,25.08.2026,,,https://www.kleinanzeigen.de/s-anzeige/kettenbagger-komatsu-pc-210-bagger/3494431010-276-8676
2026-08-31T04:03:52Z,eBay Kleinanzeigen,Komatsu PC210,Kettenbagger Komatsu PC 210-8 LC,32.000 € VB,33165 Lichtenau,24.08.2026,2015,,https://www.kleinanzeigen.de/s-anzeige/kettenbagger-komatsu-pc-210-8-lc/3364930997-276-2160
2026-08-31T04:03:52Z,eBay Kleinanzeigen,Komatsu PC210,Komatsu PC 210 LCi-11 mit GPS,74.970 €,76316 Malsch,12.08.2026,,,https://www.kleinanzeigen.de/s-anzeige/komatsu-pc-210-lci-11-mit-gps/3483064797-276-8930
2026-08-31T04:03:52Z,eBay Kleinanzeigen,Komatsu PC210,Komatsu PC 210 LC-6K *1999*CE*12.134 h*SW*H-Leistung,35.105 €,52538 Selfkant,29.07.2026,1999,,https://www.kleinanzeigen.de/s-anzeige/komatsu-pc-210-lc-6k-1999-ce-12-134-h-sw-h-leistung/3471318643-276-1209
2026-08-31T04:03:52Z,Machinerypark,Komatsu PC210,Komatsu PC210LC,33.900 EUR,"02100 Neuville St Amand, Frankreich",,2007,6.792 h,https://de.machinerypark.com/kettenbagger/komatsu-pc210lc-gebraucht-lhmo4270op
2026-08-31T04:03:52Z,Machinerypark,Komatsu PC210,Komatsu PC210LCI-11E0,139.900 EUR,"02100 Neuville St Amand, Frankreich",,2022,3.300 h,https://de.machinerypark.com/kettenbagger/komatsu-pc210lci-11e0-gebraucht-jghj7024eh
2026-08-31T04:03:52Z,Machinerypark,Komatsu PC210,Komatsu PC210NLC,54.000 EUR,"12100 Cuneo, Italien",,2008,7.810 h,https://de.machinerypark.com/kettenbagger/komatsu-pc210nlc-gebraucht-qjts6670kj
2026-08-31T04:03:52Z,Machinerypark,Komatsu PC210,Komatsu PC210 LC-11,60.950 EUR,"5466AP Veghel, Niederlande",,2019,5.871 h,https://de.machinerypark.com/kettenbagger/komatsu-pc210-lc-11-gebraucht-abzk8104dc
2026-08-31T04:03:52Z,Machineryline,Komatsu PC210,Komatsu PC 210 LC-10,60.050 € 1.450.000 CZK,"Tschechien, Praha 13 - Stodůlky",,,14.300 h,https://machineryline.de/-/Verkauf/Kettenbagger/Komatsu/PC-210-LC-10--26022410583778377200
2026-08-31T04:03:52Z,Machineryline,Komatsu PC210,Komatsu PC210LC-11EO++OQ70/55++wie neu++,107.500 € Ohne MwSt.,"Deutschland, Brimingen",,,4.100 h,https://machineryline.de/-/Verkauf/Kettenbagger/Komatsu/PC210LC-11EO-OQ7055-wie-neu---26082917534573038100
2026-08-31T04:03:52Z,Machineryline,Komatsu PC210,Komatsu pc210-11,76.260 € Inklusive MwSt,"Deutschland, Hamburg",,,,https://machineryline.de/-/Verkauf/Kettenbagger/Komatsu/pc210-11--26082710103743321800
2026-08-31T04:03:52Z,Machineryline,Komatsu PC210,Komatsu PC 210 LC-8 //BJ. 2012/6324 H/Klima/Alle Leitungen,46.900 €,"Deutschland, Überherrn",,,6.324 h,https://machineryline.de/-/Verkauf/Kettenbagger/Komatsu/PC-210-LC-8-BJ-20126324-HKlimaAlle-Leitungen--26080615211242048300
2026-08-31T04:03:52Z,Machineryline,Komatsu PC210,Komatsu PC 210 LC-6K *1999*CE*12.134 h*SW*H-Leistung,35.105 € Inklusive MwSt,"Deutschland, Selfkant",,,12.134 h,https://machineryline.de/-/Verkauf/Kettenbagger/Komatsu/PC-210-LC-6K-1999CE12-134-hSWH-Leistung--26041317400109762500
2026-08-31T04:03:52Z,Machineryline,Komatsu PC210,Komatsu PC210LCi-10,55.000 € Ohne MwSt.,"Deutschland, Neukirchen v. W.",,,11.186 h,https://machineryline.de/-/Verkauf/Kettenbagger/Komatsu/PC210LCi-10--26021815271922513600
2026-08-31T04:03:52Z,Machineryline,Komatsu PC210,Komatsu PC210LCi-10,42.900 € Ohne MwSt.,"Deutschland, Neukirchen v. W.",,,11.300 h,https://machineryline.de/-/Verkauf/Kettenbagger/Komatsu/PC210LCi-10--26021815183433642900
2026-08-31T12:26:03Z,Machineryline,Komatsu PC210,Komatsu PC210,129.900 € Ohne MwSt.,"Deutschland, Maisach",,,780 h,https://machineryline.de/-/Verkauf/Kettenbagger/Komatsu/PC210--26082820200402256600
2026-08-31T18:25:41Z,eBay Kleinanzeigen,Takeuchi TB 260,"Takeuchi, TB 260, Tb 260 V4",44.000 € VB,71576 Burgstetten,"Heute, 18:07",,,https://www.kleinanzeigen.de/s-anzeige/takeuchi-tb-260-tb-260-v4/3500126652-276-8358
2026-08-31T18:25:41Z,Machineryline,Takeuchi TB 250,JCB 51R-1 MINI-KOPARKA 2017R. | JCB 8055 TAKEUCHI TB 250 CAT 305 YAN,21.910 € 95.000 PLN,"Polen, Milicz",,,5.345 h,https://machineryline.de/-/Verkauf/Minibagger/JCB/51R-1-MINI-KOPARKA-2017R-JCB-8055-TAKEUCHI-TB-250-CAT-305-YAN--26083116462317453000
2026-08-31T18:25:41Z,tec24,Geringhoff,Geringhoff Mais Star -Horizon 600 Fb -Klappbar,57.000 € Netto,76684 Östringen,,2024,,https://de.tec24.com/c-20200/m-geringhoff/t-mais-star-horizon-600-fb-klappbar/mid-3705000.html
2026-09-01T18:04:37Z,Machineryline,Takeuchi TB 175,"Takeuchi TB 175 MIDI-KOPARKA 2008R | Kubota KX080-3, KX080-4, Yanmar ViO7",19.600 € 85.000 PLN,"Polen, Milicz",,,5.183 h,https://machineryline.de/-/Verkauf/Midibagger/Takeuchi/TB-175-MIDI-KOPARKA-2008R-Kubota-KX080-3-KX080-4-Yanmar-ViO7--26090117135823929300
2026-09-01T18:04:37Z,tec24,Claas Conspeed,Claas Conspeed Linear 8-75 Fc,26.500 € Netto,91560 Heilsbronn,,2012,,https://de.tec24.com/c-20200/m-claas/t-conspeed-linear-8-75-fc/mid-3708755.html
2026-09-02T14:58:23Z,Machinerypark,Komatsu PC210,Komatsu PC 210 LCi-11 mit GPS,63.000 EUR,"76316 Malsch, Deutschland",,2019,9.972 h,https://de.machinerypark.com/kettenbagger/komatsu-pc-210-lci-11-mit-gps-gebraucht-whbx8456dd
2026-09-03T18:22:40Z,Machineryline,Takeuchi TB 250,JCB 51R-1 MINI-KOPARKA 2017R. | JCB 8055 TAKEUCHI TB 250 CAT 305 YAN,21.960 € 95.000 PLN,"Polen, Milicz",,,5.345 h,https://machineryline.de/-/Verkauf/Minibagger/JCB/51R-1-MINI-KOPARKA-2017R-JCB-8055-TAKEUCHI-TB-250-CAT-305-YAN--26090315000305857000
2026-09-03T18:22:40Z,Machineryline,Takeuchi TB 290,Takeuchi Mini koparka TB 290,28.200 € 122.000 PLN,"Polen, Grodków",,,7.081 h,https://machineryline.de/-/Verkauf/Minibagger/Takeuchi/Mini-koparka-TB-290--26061519170104981700
2026-09-04T05:56:55Z,Machineryline,Takeuchi TB 230,Takeuchi TB230,13.510 € 101.000 DKK,"Dänemark, Sjælland",,,4.765 h,https://machineryline.de/-/Versteigerung/Minibagger/Takeuchi/TB230--26041023500390046400
2026-09-04T05:56:55Z,Machineryline,Takeuchi TB 250,Takeuchi TB250,27.850 € Ohne MwSt.,"Spanien, Alcalá de Guadaíra",,,,https://machineryline.de/-/Verkauf/Minibagger/Takeuchi/TB250--26090323553796129800
2026-09-04T05:56:55Z,tec24,Geringhoff,Geringhoff Rotadisc 6 Rhg,6.900 € Netto,49716 Meppen,,1998,2500 h,https://de.tec24.com/c-28800/m-geringhoff/t-rotadisc-6-rhg/mid-3709029.html
2026-09-05T05:11:11Z,Maschinensucher,Takeuchi TB 250,Minibagger TAKEUCHI TB 250 Minibagger Powertilt+Löffel nur 1902h,39.900 €,Peine,,2018,1.902 h,https://www.maschinensucher.de/takeuchi-tb+250+minibagger+powertilt%2Bl%C3%B6ffel+nur+1902h/i-21839973
2026-09-05T05:11:11Z,Machinerypark,Takeuchi TB 175,Takeuchi TB175W 3 Buckets!,23.500 EUR,"7609 RL Almelo, Niederlande",,2010,12.888 h,https://de.machinerypark.com/mobilbagger/takeuchi-tb175w-3-buckets-gebraucht-cgkb8743ep
2026-09-05T05:11:11Z,Machineryline,Takeuchi TB 175,Takeuchi TB175W 3 Buckets!,23.500 € Ohne MwSt.,"Niederlande, Almelo",,,12.888 h,https://machineryline.de/-/Verkauf/Mobilbagger/Takeuchi/TB175W-3-Buckets--26090415464842737400
2026-09-05T05:11:11Z,Machineryline,Takeuchi TB 175,Takeuchi TB175,1.552 € 11.600 DKK,"Dänemark, Tølløse",,,7.501 h,https://machineryline.de/-/Versteigerung/Teleskopstapler/Takeuchi/TB175--26090409054930751100
2026-09-05T05:11:11Z,Machineryline,Takeuchi TB 250,Takeuchi TB 250,32.000 € Ohne MwSt.,"Spanien, A Coruña",,,1.469 h,https://machineryline.de/-/Verkauf/Minibagger/Takeuchi/TB-250--26090422102136531800
2026-09-05T05:11:11Z,Machineryline,Takeuchi TB 250,Takeuchi TB250,29.000 € Ohne MwSt.,"Spanien, Madrid",,,6.360 h,https://machineryline.de/-/Verkauf/Minibagger/Takeuchi/TB250--26061617015384966000
2026-09-05T05:11:11Z,Machineryline,Takeuchi TB 250,Takeuchi TB 250,53.500 € Ohne MwSt.,"Belgien, Mol",,,776 h,https://machineryline.de/-/Verkauf/Minibagger/Takeuchi/TB-250--26090409374013482300
2026-09-05T05:11:11Z,Machineryline,Takeuchi TB 290,Takeuchi TB290,39.000 € Ohne MwSt.,"Spanien, Logroño",,,6.980 h,https://machineryline.de/-/Verkauf/Midibagger/Takeuchi/TB290--26061617020897607800
2026-09-05T05:11:11Z,Machineryline,Takeuchi TB 290,Takeuchi TB290,15.730 € 170.000 NOK,"Norwegen, Kaldfarnes",,,1.900 h,https://machineryline.de/-/Versteigerung/Midibagger/Takeuchi/TB290--26090404585685484000
2026-09-05T05:11:11Z,Machineryline,Komatsu PC210,Komatsu PC210-8,28.000 $ ≈ 24.180 €,"China, Shanghai",,,600 h,https://machineryline.de/-/Verkauf/Kettenbagger/Komatsu/PC210-8--24050708275551093700
2026-09-05T05:11:11Z,Machineryline,Komatsu PC210,Komatsu PC210NLC-7K,27.000 €,"Italien, Rome",,,11.891 h,https://machineryline.de/-/Verkauf/Kettenbagger/Komatsu/PC210NLC-7K--26090419404898416100
2026-09-06T09:04:51Z,Machinerypark,Takeuchi TB 175,Takeuchi TB175W 3 Buckets!,23.500 EUR,"7609 RL Almelo, Niederlande",,2010,12.888 h,https://de.machinerypark.com/mobilbagger/takeuchi-tb175w-3-buckets-gebraucht-uxwm3230co
2026-09-06T09:04:51Z,Machineryline,Komatsu PC210,Komatsu PC210,24.500 $ ≈ 21.160 €,China,,,907 h,https://machineryline.de/-/Verkauf/Kettenbagger/Komatsu/PC210--24121311313822218900
2026-09-06T09:04:51Z,Machineryline,Komatsu PC210,"Komatsu PC 210 LCi-11E0, 2022 ROK, SYSTEM NIWELACJI 3D",96.850 € 419.000 PLN,"Polen, Strzyżew",,,54.900 h,https://machineryline.de/-/Verkauf/Kettenbagger/Komatsu/PC-210-LCi-11E0-2022-ROK-SYSTEM-NIWELACJI-3D--26061118275444884000
2026-09-06T09:18:46Z,Autoline,Takeuchi TB 175,Takeuchi TB 175,19.650 € 85.000 PLN,"Polen, Milicz",,,5.183 h,https://machineryline.de/-/Verkauf/Midibagger/Takeuchi/TB-175--26090117135823929300
2026-09-06T09:18:46Z,Autoline,Takeuchi TB 260,Takeuchi tb260,37.500 € Ohne MwSt.,"Kroatien, Virovitica",,,3.490 h,https://machineryline.de/-/Verkauf/Minibagger/Takeuchi/tb260--26082109464212368600
2026-09-06T09:18:46Z,Mascus,Claas Conspeed,CLAAS CONSPEED MP8-75F LEXION,15.000 EUR,"IT, -",2023-09-06,,,https://www.mascus.de/landmaschinen/sonstige-landmaschinen/claas-conspeed-mp8-75f-lexion/5daa7cc9.html
2026-09-06T09:18:46Z,Mascus,Claas Conspeed,CLAAS CONSPEED 8-70 C - 2013 ROK,19.500 EUR,"PL, KUDOWA ZDRÓJ, dolnośląskie",2024-02-05,2013,,https://www.mascus.de/landmaschinen/erntevorsatze/claas-conspeed-8-70-c-2013-rok/ibcddidj.html
2026-09-06T09:18:46Z,Mascus,Claas Conspeed,CLAAS CONSPEED 12-75C,29.900 EUR,"HU, Nyíregyháza",2024-03-02,2015,,https://www.mascus.de/landmaschinen/maehdrescherzubehoer/claas-conspeed-12-75c/7d9b65jh.html
2026-09-06T09:18:46Z,Mascus,Claas Conspeed,CLAAS Conspeed 675 FC Corio,39.980 EUR,"DE, -",2024-07-11,2018,,https://www.mascus.de/landmaschinen/maehdrescherzubehoer/claas-conspeed-675-fc-corio/7jea5a9g.html
2026-09-06T09:18:46Z,Mascus,Claas Conspeed,CLAAS Przystawka do kukurydzy Conspeed 12-75,33.000 EUR,"PL, -",2024-08-10,2011,,https://www.mascus.de/landmaschinen/erntevorsatze/claas-przystawka-do-kukurydzy-conspeed-12-75/65d8e78c.html
2026-09-06T09:18:46Z,Mascus,Claas Conspeed,CLAAS Conspeed 8-75 FC,69.000 EUR,"LV, Jelgava, Jelgava",2024-09-10,2022,,https://www.mascus.de/landmaschinen/erntevorsatze/claas-conspeed-8-75-fc/6ibf4f7h.html
2026-09-06T09:18:46Z,Mascus,Claas Conspeed,CLAAS Conspeed 675 FC Corio,29.920 EUR,"DE, -",2025-08-29,2018,,https://www.mascus.de/landmaschinen/maehdrescherzubehoer/claas-conspeed-675-fc-corio/98gdfd6j.html
2026-09-06T09:18:46Z,Mascus,Claas Conspeed,CLAAS Conspeed 6-75 FC,36.400 EUR,"HU, Nyíregyháza",2025-09-27,2016,,https://www.mascus.de/landmaschinen/maehdrescherzubehoer/claas-conspeed-6-75-fc/gff5bkcd.html
2026-09-06T09:18:46Z,Mascus,Claas Conspeed,CLAAS Conspeed 8-75 FC,90.278 EUR,"DK, Vinderup, Midtjylland",2025-10-02,2023,,https://www.mascus.de/landmaschinen/erntevorsatze/claas-conspeed-8-75-fc/g58f8k9b.html
2026-09-06T09:18:46Z,Mascus,Claas Conspeed,CLAAS Conspeed 6-75 FC,13.057 EUR,"HU, Kiskunmajsa",2025-12-09,2006,,https://www.mascus.de/landmaschinen/erntevorsatze/claas-conspeed-6-75-fc/cbh9cjic.html
2026-09-06T09:18:46Z,Mascus,Claas Conspeed,CLAAS Conspeed 6-75 C,10.853 EUR,"HU, Kiskunmajsa",2025-12-09,2008,,https://www.mascus.de/landmaschinen/erntevorsatze/claas-conspeed-6-75-c/fgbch6fj.html
2026-09-06T09:18:46Z,Mascus,Claas Conspeed,CLAAS CONSPEED 8-75 FC,50.169 EUR,"DK, Kolding, Syddanmark",2026-03-18,2016,,https://www.mascus.de/landmaschinen/haecksler-mit-selbstantrieb/claas-conspeed-8-75-fc/af684ecc.html
2026-09-06T09:18:46Z,Mascus,Claas Conspeed,CLAAS Conspeed 8-75 FC,39.470 EUR,"DK, Ribe",2026-03-18,2008,,https://www.mascus.de/landmaschinen/erntevorsatze/claas-conspeed-8-75-fc/biefgbg6.html
2026-09-06T09:18:46Z,Mascus,Claas Conspeed,CLAAS Conspeed Corio 1275C,43.972 EUR,"HU, Komárom",2026-04-23,2021,,https://www.mascus.de/landmaschinen/erntevorsatze/claas-conspeed-corio-1275c/ce7j4hcj.html
2026-09-06T09:18:46Z,Mascus,Claas Conspeed,CLAAS Conspeed 12-75 C,14.500 EUR,"LT, Kaltinėnai, Tauragés Apskritis",2026-05-05,2010,,https://www.mascus.de/landmaschinen/erntevorsatze/claas-conspeed-12-75-c/59agcb65.html
2026-09-06T09:18:46Z,Mascus,Claas Conspeed,CLAAS MAISPFLÜCKER CONSPEED 8-75FC,24.500 EUR,"DE, Vohburg",2026-05-21,2011,,https://www.mascus.de/landmaschinen/maehdrescherzubehoer/claas-maispflucker-conspeed-8-75fc/fegici8d.html
2026-09-06T09:18:46Z,Mascus,Claas Conspeed,CLAAS Conspeed 6-75FC,19.000 EUR,"HU, Nyíregyháza",2026-06-10,2008,,https://www.mascus.de/landmaschinen/maehdrescherzubehoer/claas-conspeed-6-75fc/76g58h8k.html
2026-09-06T09:18:46Z,Mascus,Claas Conspeed,CLAAS CORIO 875 FC CONSPEED,41.500 EUR,"DE, Arnstorf",2026-06-25,2018,,https://www.mascus.de/landmaschinen/maehdrescherzubehoer/claas-corio-875-fc-conspeed/85gcdk9k.html
2026-09-06T09:18:46Z,Mascus,Claas Conspeed,CLAAS Conspeed 8-75C Claas Tucano / Lexion / Trion felfo,22.089 EUR,"HU, -",2026-07-20,2012,,https://www.mascus.de/landmaschinen/erntevorsatze/claas-conspeed-8-75c-claas-tucano-lexion-trion-felfo/ffia5j7f.html
2026-09-06T09:18:46Z,Mascus,Claas Conspeed,CLAAS CONSPEED 6-75 FC,14.900 EUR,"DE, 189078",2026-07-24,2001,,https://www.mascus.de/landmaschinen/maehdrescherzubehoer/claas-conspeed-6-75-fc/ffiidhdb.html
2026-09-06T09:18:46Z,Mascus,Claas Conspeed,CLAAS CORIO 8-75 FC CONSPEED,59.900 EUR,"DE, 189078",2026-08-08,2022,,https://www.mascus.de/landmaschinen/maehdrescherzubehoer/claas-corio-8-75-fc-conspeed/5f4a8g7a.html
2026-09-06T09:18:46Z,Mascus,Claas Conspeed,CLAAS Conspeed 6-75 FC,23.500 EUR,"NL, Broekland, Overijssel",2026-08-11,2008,,https://www.mascus.de/landmaschinen/erntevorsatze/claas-conspeed-6-75-fc/f8g679i8.html
2026-09-06T09:18:46Z,Mascus,Claas Conspeed,CLAAS CONSPEED LINEAR 8-75 FC,26.500 EUR,"DE, Heilsbronn",2026-09-02,2012,,https://www.mascus.de/landmaschinen/maehdrescherzubehoer/claas-conspeed-linear-8-75-fc/hagi99ia.html
2026-09-06T09:18:46Z,Mascus,Claas Corio,CLAAS Corio 675 FC,90.293 EUR,"DK, Vinderup, Midtjylland",2025-05-11,2023,,https://www.mascus.de/landmaschinen/erntevorsatze/claas-corio-675-fc/4c69j9e6.html
2026-09-06T09:18:46Z,Mascus,Claas Corio,CLAAS CORIO 870 C - 2016 ROK,23.500 EUR,"PL, KUDOWA ZDRÓJ, dolnośląskie",2025-09-01,2016,,https://www.mascus.de/landmaschinen/erntevorsatze/claas-corio-870-c-2016-rok/ij4cibh6.html
2026-09-06T09:18:46Z,Mascus,Claas Corio,CLAAS Corio 670C,35.000 EUR,"RO, Filipeşti, Bacău",2025-12-17,2021,,https://www.mascus.de/landmaschinen/sonstige-landmaschinen/claas-corio-670c/f6b6g8jj.html
2026-09-06T09:18:46Z,Mascus,Geringhoff,Geringhoff RD 675/F 6 soros kukorica adapter Claas Tucano és,27.772 EUR,"HU, -",2026-06-16,2013,,https://www.mascus.de/landmaschinen/erntevorsatze/geringhoff-rd-675-f-6-soros-kukorica-adapter-claas-tucano-es/45iiie9h.html
2026-09-06T09:18:46Z,Mascus,Geringhoff,John Deere T560i ProDrive 30Km/h inkl. Geringhoff HV6.60,179.000 EUR,"DE, Ahaus",2026-06-18,2019,2310 h,https://www.mascus.de/landmaschinen/sonstige-landmaschinen/john-deere-t560i-prodrive-30km-h-inkl-geringhoff-hv6-60/jia5bai5.html
2026-09-06T09:18:46Z,Mascus,Geringhoff,PUIMURIVARUSTEET GERINGHOFF 720 STAR,59.760 EUR,"FI, Turku, Varsinais-Suomi",2026-07-01,2024,500 h,https://www.mascus.de/landmaschinen/maehdrescherzubehoer/puimurivarusteet-geringhoff-720-star/7ib6a9ij.html
2026-09-06T09:18:46Z,Mascus,Geringhoff,Geringhoff Rota Disc RD800FB,23.500 EUR,"DE, Kunde",2026-07-01,,,https://www.mascus.de/landmaschinen/erntevorsatze/geringhoff-rota-disc-rd800fb/ch45de9j.html
2026-09-06T09:18:46Z,Mascus,Geringhoff,Geringhoff HORIZON STAR II,53.500 EUR,"DE, 189078",2026-07-11,2022,,https://www.mascus.de/landmaschinen/maehdrescherzubehoer/geringhoff-horizon-star-ii/bg8cfid6.html
2026-09-06T09:18:46Z,Mascus,Geringhoff,Geringhoff MS-Horizon 800FB,64.900 EUR,"DE, Spelle",2026-07-17,2023,,https://www.mascus.de/landmaschinen/maehdrescherzubehoer/geringhoff-ms-horizon-800fb/jieh7ejc.html
2026-09-06T09:18:46Z,Mascus,Geringhoff,Geringhoff ROTA DISC MAJSBORD 6 rækket/75 cm./hydr. opklap,9.099 EUR,"DK, Tinglev",2026-07-17,1999,,https://www.mascus.de/landmaschinen/erntevorsatze/geringhoff-rota-disc-majsbord-6-rakket-75-cm-hydr-opklap/bggb9gb5.html
2026-09-06T09:18:46Z,Mascus,Geringhoff,Geringhoff HORIZON STAR II 800 FB - 8x75 - DOCINACZ -2012 ROK,27.000 EUR,"PL, KUDOWA ZDRÓJ, dolnośląskie",2026-07-23,2012,,https://www.mascus.de/landmaschinen/maehdrescherzubehoer/geringhoff-horizon-star-ii-800-fb-8x75-docinacz-2012-rok/aic6c8h8.html
2026-09-06T09:18:46Z,Mascus,Geringhoff,Geringhoff Zwischenförderaggregat,19.900 EUR,"DE, Spelle",2026-08-10,2024,,https://www.mascus.de/landmaschinen/heu--und-futtermaschinen-zubehor/geringhoff-zwischenforderaggregat/ikikfiig.html
2026-09-06T09:18:46Z,Mascus,Geringhoff,Geringhoff MS-Horizon 800FB,74.450 EUR,"DE, Spelle",2026-08-11,2023,,https://www.mascus.de/landmaschinen/maehdrescherzubehoer/geringhoff-ms-horizon-800fb/if88ic5b.html
2026-09-06T09:18:46Z,Mascus,Geringhoff,"Fendt IDEAL 9 TA + GERINGHOFF TRUFLEX40 12,20M",239.885 EUR,"DE, 39171 Langenweddingen",2026-08-31,2021,1153 h,https://www.mascus.de/landmaschinen/mahdrescher/fendt-ideal-9-ta-geringhoff-truflex40-12-20m/f8c787gg.html
2026-09-06T09:18:46Z,Mascus,Takeuchi TB 145,Takeuchi TB125 TB135 TB145 TB1140 TB216 TB240 TB250 TB260 T,518 EUR,"CN, Jining",2022-11-07,2022,,https://www.mascus.de/kommunalmaschinen/hydraulik/takeuchi-tb125-tb135-tb145-tb1140-tb216-tb240-tb250-tb260-t/5if6dajk.html
2026-09-06T09:18:46Z,Mascus,Takeuchi TB 145,Takeuchi TB 145,28.500 EUR,"AT, -",2025-03-14,2004,8573 h,https://www.mascus.de/baumaschinen/minibagger---7t/takeuchi-tb-145/i568gb4i.html
2026-09-06T09:18:46Z,Mascus,Takeuchi TB 145,Takeuchi TB 145,16.900 EUR,"DE, Ludwigsfelde, Brandenburg",2025-08-16,2008,7039 h,https://www.mascus.de/baumaschinen/minibagger---7t/takeuchi-tb-145/djgd7ijf.html
2026-09-06T09:18:46Z,Mascus,Takeuchi TB 175,Takeuchi TB175 - 2006 YEAR - 2X BUCKETS - 12090 HOURS,24.900 EUR,"SI, Gomilsko, Savinjska",2026-02-17,2006,12090 h,https://www.mascus.de/baumaschinen/minibagger---7t/takeuchi-tb175-2006-year-2x-buckets-12090-hours/4b4ja8gf.html
2026-09-06T09:18:46Z,Mascus,Takeuchi TB 175,Takeuchi TB175W 3 Buckets!,23.500 EUR,"NL, Almelo",2026-03-06,2010,12888 h,https://www.mascus.de/baumaschinen/midibagger--7t---12t/takeuchi-tb175w-3-buckets/g5gbid5a.html
2026-09-06T09:18:46Z,Mascus,Takeuchi TB 175,Takeuchi TB175,13.500 EUR,"FR, CASTAGNIERS",2026-04-08,2011,68687 h,https://www.mascus.de/baumaschinen/minibagger---7t/takeuchi-tb175/idgdhfj7.html
2026-09-06T09:18:46Z,Mascus,Takeuchi TB 175,Takeuchi TB 175,35.000 EUR,"ES, -",2026-04-22,2009,,https://www.mascus.de/baumaschinen/minibagger---7t/takeuchi-tb-175/9f6fghbc.html
2026-09-06T09:18:46Z,Mascus,Takeuchi TB 175,Takeuchi TB 175,16.597 EUR,"PL, Kościan, wielkopolskie",2026-05-25,2008,11267 h,https://www.mascus.de/baumaschinen/midibagger--7t---12t/takeuchi-tb-175/agie49d9.html
2026-09-06T09:18:46Z,Mascus,Takeuchi TB 175,Takeuchi TB 175,21.893 EUR,"PL, Kościan, wielkopolskie",2026-05-25,2010,6829 h,https://www.mascus.de/baumaschinen/midibagger--7t---12t/takeuchi-tb-175/6h4dik7j.html
2026-09-06T09:18:46Z,Mascus,Takeuchi TB 175,"Takeuchi T175, TB175, TB175C Radiator # 890697",2.034 EUR,"US, Sweet Home, Oregon",2026-06-20,,,https://www.mascus.de/lkw-transport/radiatoren/takeuchi-t175-tb175-tb175c-radiator-890697/b656gj58.html
2026-09-06T09:18:46Z,Mascus,Takeuchi TB 175,Takeuchi TB175,20.057 EUR,"DK, Aarhus",2026-06-26,2007,9850 h,https://www.mascus.de/baumaschinen/minibagger---7t/takeuchi-tb175/ac8jibdj.html
2026-09-06T09:18:46Z,Mascus,Takeuchi TB 175,Takeuchi TB 175 W not TB 295 W,46.500 EUR,"NL, Wijlre, Limburg",2026-07-11,2011,6010 h,https://www.mascus.de/baumaschinen/mobilbagger/takeuchi-tb-175-w-not-tb-295-w/ei4ggajc.html
2026-09-06T09:18:46Z,Mascus,Takeuchi TB 175,Takeuchi TB175W,22.750 EUR,"NL, Zutphen",2026-07-14,2011,,https://www.mascus.de/baumaschinen/mobilbagger/takeuchi-tb175w/6j7gc6dc.html
2026-09-06T09:18:46Z,Mascus,Takeuchi TB 175,Takeuchi TB175 Digger (ST27448),15.750 EUR,"UK, -",2026-08-14,,,https://www.mascus.de/landmaschinen/sonstige-landmaschinen/takeuchi-tb175-digger-st27448/hfg7jg8f.html
2026-09-06T09:18:46Z,Mascus,Takeuchi TB 175,Takeuchi TB 175 W,21.043 EUR,"UK, Kingswinford, West Midlands",2026-08-26,2008,,https://www.mascus.de/baumaschinen/mobilbagger/takeuchi-tb-175-w/gd4h6ccc.html
2026-09-06T09:18:46Z,Mascus,Takeuchi TB 175,Takeuchi TB 175,15.186 EUR,"UK, -",2026-08-29,2005,,https://www.mascus.de/baumaschinen/midibagger--7t---12t/takeuchi-tb-175/4f6bcbed.html
2026-09-06T09:18:46Z,Mascus,Takeuchi TB 175,Takeuchi TB175 PYÖRITTÄJÄLLÄ,33.900 EUR,"FI, Masku, Varsinais-Suomi",2026-09-01,2006,6450 h,https://www.mascus.de/baumaschinen/midibagger--7t---12t/takeuchi-tb175-pyorittajalla/dahicif7.html
2026-09-06T09:18:46Z,Mascus,Takeuchi TB 175,"Takeuchi TB 175 MIDI-KOPARKA 2008R | Kubota KX080-3, KX080-",19.600 EUR,"PL, Milicz, dolnośląskie",2026-09-01,2008,5183 h,https://www.mascus.de/baumaschinen/midibagger--7t---12t/takeuchi-tb-175-midi-koparka-2008r-kubota-kx080-3-kx080/af7hfkea.html
2026-09-06T09:18:46Z,Mascus,Takeuchi TB 230,Takeuchi TB 230 Extra minigraver | 1450 u | sloop-sorteer,31.950 EUR,"NL, -",2026-07-14,2019,1447 h,https://www.mascus.de/baumaschinen/minibagger---7t/takeuchi-tb-230-extra-minigraver-1450-u-sloop-sorteer/eghiecgk.html
2026-09-06T09:18:46Z,Mascus,Takeuchi TB 230,Takeuchi TB 230,31.437 EUR,"DK, Rønnede, Sjælland",2026-07-16,2020,2500 h,https://www.mascus.de/baumaschinen/minibagger---7t/takeuchi-tb-230/5d49ehh5.html
2026-09-06T09:18:46Z,Mascus,Takeuchi TB 230,Takeuchi TB 230,20.007 EUR,"UK, Southampton, Hampshire",2026-07-17,2017,3356 h,https://www.mascus.de/baumaschinen/minibagger---7t/takeuchi-tb-230/9iaaacf6.html
2026-09-06T09:18:46Z,Mascus,Takeuchi TB 230,Takeuchi TB230,22.085 EUR,"UK, -",2026-07-30,2020,3096 h,https://www.mascus.de/baumaschinen/minibagger---7t/takeuchi-tb230/d86kfff7.html
2026-09-06T09:18:46Z,Mascus,Takeuchi TB 230,Takeuchi TB230,23.000 EUR,"ES, -",2026-07-30,2016,7753 h,https://www.mascus.de/baumaschinen/minibagger---7t/takeuchi-tb230/ak6a7j6j.html
2026-09-06T09:18:46Z,Mascus,Takeuchi TB 230,Takeuchi TB 230,19.562 EUR,"UK, Maidstone, Kent",2026-08-03,2018,3449 h,https://www.mascus.de/baumaschinen/minibagger---7t/takeuchi-tb-230/i76gabhc.html
2026-09-06T09:18:46Z,Mascus,Takeuchi TB 230,Takeuchi TB 230,19.562 EUR,"UK, Maidstone, Kent",2026-08-03,2018,3893 h,https://www.mascus.de/baumaschinen/minibagger---7t/takeuchi-tb-230/adf765bh.html
2026-09-06T09:18:46Z,Mascus,Takeuchi TB 230,Takeuchi TB 230,25.000 EUR,"ES, -",2026-08-03,2016,5996 h,https://www.mascus.de/baumaschinen/minibagger---7t/takeuchi-tb-230/iifha7ga.html
2026-09-06T09:18:46Z,Mascus,Takeuchi TB 230,Takeuchi TB230,20.062 EUR,"DK, Vejle, Midtjylland",2026-08-07,2017,4195 h,https://www.mascus.de/baumaschinen/minibagger---7t/takeuchi-tb230/5fgk464g.html
2026-09-06T09:18:46Z,Mascus,Takeuchi TB 230,Takeuchi TB230,20.946 EUR,"UK, -",2026-08-08,2016,3634 h,https://www.mascus.de/baumaschinen/minibagger---7t/takeuchi-tb230/e6c7f8hh.html
2026-09-06T09:18:46Z,Mascus,Takeuchi TB 230,Takeuchi TB 230,22.500 EUR,"NL, Kockengen, Utrecht",2026-08-08,2017,,https://www.mascus.de/baumaschinen/minibagger---7t/takeuchi-tb-230/g84k676i.html
2026-09-06T09:18:46Z,Mascus,Takeuchi TB 230,Takeuchi TB230 Takeuchi TB230 - Årgang 2016 - Powertilt & 1,24.756 EUR,"DK, Rønnede",2026-08-11,2016,2939 h,https://www.mascus.de/baumaschinen/raupenbagger/takeuchi-tb230-takeuchi-tb230-argang-2016-powertilt-1/j5ae4746.html
2026-09-06T09:18:46Z,Mascus,Takeuchi TB 230,Takeuchi TB 230,22.161 EUR,"UK, -",2026-08-14,2017,4600 h,https://www.mascus.de/baumaschinen/minibagger---7t/takeuchi-tb-230/cfbkjhhb.html
2026-09-06T09:18:46Z,Mascus,Takeuchi TB 230,Takeuchi TB230 JST Ny kipskovl,1.325 EUR,"DK, Horsens",2026-08-31,2022,,https://www.mascus.de/baumaschinen/minibagger---7t/takeuchi-tb230-jst-ny-kipskovl/bb5f6dee.html
2026-09-06T09:18:46Z,Mascus,Takeuchi TB 230,Takeuchi TB 230,29.950 EUR,"NL, -",2026-09-01,2019,,https://www.mascus.de/baumaschinen/minibagger---7t/takeuchi-tb-230/6kdhe8g7.html
2026-09-06T09:18:46Z,Mascus,Takeuchi TB 230,Takeuchi TB230 Digger (ST27528),16.750 EUR,"UK, -",2026-09-03,,,https://www.mascus.de/landmaschinen/sonstige-landmaschinen/takeuchi-tb230-digger-st27528/6b6ebagd.html
2026-09-06T09:18:46Z,Mascus,Takeuchi TB 230,Takeuchi TB230 Excavator,17.452 EUR,"UK, -",2026-09-04,2017,7979 h,https://www.mascus.de/baumaschinen/raupenbagger/takeuchi-tb230-excavator/gd48fb96.html
2026-09-06T09:18:46Z,Mascus,Takeuchi TB 230,Takeuchi TB230 Excavator,18.616 EUR,"UK, -",2026-09-04,2017,3730 h,https://www.mascus.de/baumaschinen/raupenbagger/takeuchi-tb230-excavator/beicjf9k.html
2026-09-06T09:18:46Z,Mascus,Takeuchi TB 230,Takeuchi TB230 Excavator,18.616 EUR,"UK, -",2026-09-04,2017,6501 h,https://www.mascus.de/baumaschinen/raupenbagger/takeuchi-tb230-excavator/d595bheh.html
2026-09-06T09:18:46Z,Mascus,Takeuchi TB 230,Takeuchi TB230,19.900 EUR,"NL, Venlo",2026-09-05,2017,3099 h,https://www.mascus.de/baumaschinen/minibagger---7t/takeuchi-tb230/ei6aighj.html
2026-09-06T09:18:46Z,Mascus,Takeuchi TB 250,Takeuchi TB250,26.612 EUR,"UK, -",2026-06-25,2018,3806 h,https://www.mascus.de/baumaschinen/midibagger--7t---12t/takeuchi-tb250/595gc94b.html
2026-09-06T09:18:46Z,Mascus,Takeuchi TB 250,Takeuchi TB250 Clim à 27 900 € HT,27.900 EUR,"FR, -",2026-06-26,2018,4137 h,https://www.mascus.de/baumaschinen/minibagger---7t/takeuchi-tb250-clim-a-27-900-ht/97jej9id.html
2026-09-06T09:18:46Z,Mascus,Takeuchi TB 250,Takeuchi TB 250,25.649 EUR,"UK, stockton on tees, Cleveland",2026-06-30,2017,3677 h,https://www.mascus.de/baumaschinen/minibagger---7t/takeuchi-tb-250/h58fe6jg.html
2026-09-06T09:18:46Z,Mascus,Takeuchi TB 250,Takeuchi TB 250,25.478 EUR,"UK, -",2026-07-01,2018,3062 h,https://www.mascus.de/baumaschinen/raupenbagger/takeuchi-tb-250/hh6gahaf.html
2026-09-06T09:18:46Z,Mascus,Takeuchi TB 250,Takeuchi TB 250 E Elektrisch / Electric,22.500 EUR,"NL, Holten, Overijssel",2026-07-01,2016,3358 h,https://www.mascus.de/baumaschinen/raupenbagger/takeuchi-tb-250-e-elektrisch-electric/i5ge8cj6.html
2026-09-06T09:18:46Z,Mascus,Takeuchi TB 250,Takeuchi TB 250,30.303 EUR,"PL, -",2026-07-03,2017,3700 h,https://www.mascus.de/baumaschinen/minibagger---7t/takeuchi-tb-250/ihfg7bb8.html
2026-09-06T09:18:46Z,Mascus,Takeuchi TB 250,Takeuchi TB250,27.900 EUR,"DE, 75038 Baden-Württemberg - Oberderdingen",2026-07-17,2014,7040 h,https://www.mascus.de/baumaschinen/minibagger---7t/takeuchi-tb250/ejic9ijj.html
2026-09-06T09:18:46Z,Mascus,Takeuchi TB 250,Takeuchi TB 250 5 Ton Midi Digger,33.217 EUR,"UK, Northampton, Northamptonshire",2026-07-27,2021,3513 h,https://www.mascus.de/baumaschinen/minibagger---7t/takeuchi-tb-250-5-ton-midi-digger/hbj597j9.html
2026-09-06T09:18:46Z,Mascus,Takeuchi TB 250,Takeuchi TB250-2 Excavator,39.672 EUR,"UK, -",2026-07-31,2023,3383 h,https://www.mascus.de/baumaschinen/raupenbagger/takeuchi-tb250-2-excavator/456jbh4f.html
2026-09-06T09:18:46Z,Mascus,Takeuchi TB 250,Takeuchi TB250-2 Excavator,39.672 EUR,"UK, -",2026-07-31,2023,3178 h,https://www.mascus.de/baumaschinen/raupenbagger/takeuchi-tb250-2-excavator/jdekdd5f.html
2026-09-06T09:18:46Z,Mascus,Takeuchi TB 250,Takeuchi TB 250,25.640 EUR,"UK, Driffield, East Yorkshire",2026-08-04,2019,4400 h,https://www.mascus.de/baumaschinen/minibagger---7t/takeuchi-tb-250/ib7ci55g.html
2026-09-06T09:18:46Z,Mascus,Takeuchi TB 250,Takeuchi TB 250,22.900 EUR,"DE, Insingen, Bayern",2026-08-06,2008,6900 h,https://www.mascus.de/baumaschinen/minibagger---7t/takeuchi-tb-250/4hg5bhbi.html
2026-09-06T09:18:46Z,Mascus,Takeuchi TB 250,Takeuchi TB250 Digger (ST24283),16.500 EUR,"UK, -",2026-08-13,,,https://www.mascus.de/landmaschinen/sonstige-landmaschinen/takeuchi-tb250-digger-st24283/h8hdi8hd.html
2026-09-06T09:18:46Z,Mascus,Takeuchi TB 250,Takeuchi TB 250,32.000 EUR,"ES, -",2026-08-18,2017,1469 h,https://www.mascus.de/baumaschinen/minibagger---7t/takeuchi-tb-250/ijck4dgc.html
2026-09-06T09:18:46Z,Mascus,Takeuchi TB 250,Takeuchi TB 250,24.750 EUR,"BE, Balen, Antwerpen",2026-08-18,2018,2209 h,https://www.mascus.de/baumaschinen/minibagger---7t/takeuchi-tb-250/icid5k98.html
2026-09-06T09:18:46Z,Mascus,Takeuchi TB 250,Takeuchi TB 250,34.790 EUR,"UK, Maidstone, Kent",2026-08-18,2022,2719 h,https://www.mascus.de/baumaschinen/minibagger---7t/takeuchi-tb-250/65ii47jb.html
2026-09-06T09:18:46Z,Mascus,Takeuchi TB 250,Takeuchi TB 250 5 ton rups graafmachine excavator bagger,18.500 EUR,"NL, Zevenbergen, Noord-Brabant",2026-08-19,2013,6208 h,https://www.mascus.de/baumaschinen/minibagger---7t/takeuchi-tb-250-5-ton-rups-graafmachine-excavator-bagger/8d8aeije.html
2026-09-06T09:18:46Z,Mascus,Takeuchi TB 250,Takeuchi TB 250,31.505 EUR,"UK, Maidstone, Kent",2026-08-25,2022,2504 h,https://www.mascus.de/baumaschinen/minibagger---7t/takeuchi-tb-250/ge7jf6ib.html
2026-09-06T09:18:46Z,Mascus,Takeuchi TB 250,Takeuchi TB 250,31.505 EUR,"UK, Maidstone, Kent",2026-08-25,2022,2880 h,https://www.mascus.de/baumaschinen/minibagger---7t/takeuchi-tb-250/9e76i95g.html
2026-09-06T09:18:46Z,Mascus,Takeuchi TB 250,Takeuchi TB 250-2 V4,53.500 EUR,"DE, Vechta",2026-08-26,2024,750 h,https://www.mascus.de/baumaschinen/minibagger---7t/takeuchi-tb-250-2-v4/5dd6iejf.html
2026-09-06T09:18:46Z,Mascus,Takeuchi TB 250,JCB 51 MINI-KOPARKA 2018R. | JCB 8055 TAKEUCHI TB 250,25.451 EUR,"PL, Milicz, dolnośląskie",2026-08-26,2018,2982 h,https://www.mascus.de/baumaschinen/minibagger---7t/jcb-51-mini-koparka-2018r-jcb-8055-takeuchi-tb-250/9b88787e.html
2026-09-06T09:18:46Z,Mascus,Takeuchi TB 250,Takeuchi TB 250,24.750 EUR,"BE, Balen, Antwerpen",2026-08-28,2018,2546 h,https://www.mascus.de/baumaschinen/minibagger---7t/takeuchi-tb-250/fce9eef5.html
2026-09-06T09:18:46Z,Mascus,Takeuchi TB 250,Takeuchi TB 250,53.500 EUR,"BE, MOL",2026-08-28,2024,776 h,https://www.mascus.de/baumaschinen/minibagger---7t/takeuchi-tb-250/hfi5ijij.html
2026-09-06T09:18:46Z,Mascus,Takeuchi TB 250,Takeuchi TB 250,25.700 EUR,"UK, Chard, Somerset",2026-08-31,2019,3300 h,https://www.mascus.de/baumaschinen/minibagger---7t/takeuchi-tb-250/b9e6ih79.html
2026-09-06T09:18:46Z,Mascus,Takeuchi TB 250,Takeuchi TB 250,36.900 EUR,"BE, Lontzen",2026-09-03,2018,1410 h,https://www.mascus.de/baumaschinen/mobilbagger/takeuchi-tb-250/ccdh4i8h.html
2026-09-06T09:18:46Z,Mascus,Takeuchi TB 250,Takeuchi TB250,27.850 EUR,"ES, ALCALA DE GUADAIRA",2026-09-04,2018,,https://www.mascus.de/baumaschinen/minibagger---7t/takeuchi-tb250/65efcdga.html
2026-09-06T09:18:46Z,Mascus,Takeuchi TB 260,Takeuchi TB 260,72.273 EUR,"SE, Knivsta, Uppsala län",2026-06-16,2022,1304 h,https://www.mascus.de/baumaschinen/minibagger---7t/takeuchi-tb-260/a8h9c97j.html
2026-09-06T09:18:46Z,Mascus,Takeuchi TB 260,Takeuchi TB 260,71.969 EUR,"SE, Knivsta, Uppsala län",2026-06-16,2022,1015 h,https://www.mascus.de/baumaschinen/minibagger---7t/takeuchi-tb-260/ejj86a57.html
2026-09-06T09:18:46Z,Mascus,Takeuchi TB 260,Takeuchi TB 260,56.779 EUR,"UK, Newry, Down",2026-06-19,2024,270 h,https://www.mascus.de/baumaschinen/minibagger---7t/takeuchi-tb-260/ieikc667.html
2026-09-06T09:18:46Z,Mascus,Takeuchi TB 260,Takeuchi TB 260 .,36.500 EUR,"DE, Goch",2026-06-25,2015,4260 h,https://www.mascus.de/baumaschinen/minibagger---7t/takeuchi-tb-260/i84a77ai.html
2026-09-06T09:18:46Z,Mascus,Takeuchi TB 260,Takeuchi TB 260,34.473 EUR,"UK, Newry, Down",2026-06-26,2017,4970 h,https://www.mascus.de/baumaschinen/minibagger---7t/takeuchi-tb-260/fdabjjei.html
2026-09-06T09:18:46Z,Mascus,Takeuchi TB 260,Takeuchi TB 260,35.039 EUR,"UK, Aberystwyth, Dyfed",2026-07-04,2020,3050 h,https://www.mascus.de/baumaschinen/minibagger---7t/takeuchi-tb-260/ecdiai6k.html
2026-09-06T09:18:46Z,Mascus,Takeuchi TB 260,Takeuchi TB260 stage V,58.950 EUR,"NL, Haaksbergen, Overijssel",2026-07-07,2024,1450 h,https://www.mascus.de/baumaschinen/minibagger---7t/takeuchi-tb260-stage-v/e8cd9h6a.html
2026-09-06T09:18:46Z,Mascus,Takeuchi TB 260,Takeuchi TB260,27.930 EUR,"UK, -",2026-07-21,2018,5328 h,https://www.mascus.de/baumaschinen/minibagger---7t/takeuchi-tb260/ckaeg7fh.html
2026-09-06T09:18:46Z,Mascus,Takeuchi TB 260,Takeuchi TB260 TB260 Levelizer,146.527 EUR,"DK, Egtved",2026-07-22,2013,3078 h,https://www.mascus.de/baumaschinen/raupenbagger/takeuchi-tb260-tb260-levelizer/7fcabccj.html
2026-09-06T09:18:46Z,Mascus,Takeuchi TB 260,Takeuchi TB 260 Powertilt,34.583 EUR,"AT, -",2026-07-25,2015,9833 h,https://www.mascus.de/baumaschinen/minibagger---7t/takeuchi-tb-260-powertilt/6a7bbjaj.html
2026-09-06T09:18:46Z,Mascus,Takeuchi TB 260,Takeuchi TB 260,39.950 EUR,"SI, -",2026-08-06,2013,3908 h,https://www.mascus.de/baumaschinen/minibagger---7t/takeuchi-tb-260/5i49ccag.html
2026-09-06T09:18:46Z,Mascus,Takeuchi TB 260,Takeuchi TB 260,27.998 EUR,"UK, Maidstone, Kent",2026-08-25,2018,4688 h,https://www.mascus.de/baumaschinen/minibagger---7t/takeuchi-tb-260/hk7ib59e.html
2026-09-06T09:18:46Z,Mascus,Takeuchi TB 260,Takeuchi TB260,27.924 EUR,"UK, -",2026-09-02,2015,4489 h,https://www.mascus.de/baumaschinen/midibagger--7t---12t/takeuchi-tb260/4ibf4bch.html
2026-09-06T09:18:46Z,Mascus,Takeuchi TB 260,Takeuchi TB260 stage V,71.000 EUR,"NL, Haaksbergen, Overijssel",2026-09-02,2024,1300 h,https://www.mascus.de/baumaschinen/minibagger---7t/takeuchi-tb260-stage-v/5g5afd46.html
2026-09-06T09:18:46Z,Mascus,Takeuchi TB 290,Takeuchi TB290,33.980 EUR,"UK, -",2026-07-11,2015,5815 h,https://www.mascus.de/baumaschinen/midibagger--7t---12t/takeuchi-tb290/fbg8hcf6.html
2026-09-06T09:18:46Z,Mascus,Takeuchi TB 290,Takeuchi TB 290,44.900 EUR,"EE, -",2026-07-16,2018,9342 h,https://www.mascus.de/baumaschinen/midibagger--7t---12t/takeuchi-tb-290/jgge7a7g.html
2026-09-06T09:18:46Z,Mascus,Takeuchi TB 290,Takeuchi Rototilt +Oilquick für Takeuchi TB 290 295W 175,12.900 EUR,"AT, -",2026-07-25,2017,1 h,https://www.mascus.de/baumaschinen/minibagger---7t/takeuchi-rototilt-oilquick-fur-takeuchi-tb-290-295w-175/98fb9cia.html
2026-09-06T09:18:46Z,Mascus,Takeuchi TB 290,Takeuchi TB290-2,51.515 EUR,"UK, Ipswich, Suffolk",2026-07-27,2022,4136 h,https://www.mascus.de/baumaschinen/midibagger--7t---12t/takeuchi-tb290-2/ajj7e8ea.html
2026-09-06T09:18:46Z,Mascus,Takeuchi TB 290,Takeuchi TB 290-2,34.750 EUR,"BE, Balen, Antwerpen",2026-07-29,2019,6521 h,https://www.mascus.de/baumaschinen/midibagger--7t---12t/takeuchi-tb-290-2/aa6kjbh7.html
2026-09-06T09:18:46Z,Mascus,Takeuchi TB 290,Takeuchi TB290,36.156 EUR,"UK, -",2026-07-30,2019,5409 h,https://www.mascus.de/baumaschinen/midibagger--7t---12t/takeuchi-tb290/6k7ki96j.html
2026-09-06T09:18:46Z,Mascus,Takeuchi TB 290,Takeuchi TB 290,34.939 EUR,"UK, Abergavenny, Monmouthshire",2026-08-03,2019,6320 h,https://www.mascus.de/baumaschinen/midibagger--7t---12t/takeuchi-tb-290/ddhfbidk.html
2026-09-06T09:18:46Z,Mascus,Takeuchi TB 290,Takeuchi TB 290,33.773 EUR,"UK, Abergavenny, Monmouthshire",2026-08-04,2019,7252 h,https://www.mascus.de/baumaschinen/midibagger--7t---12t/takeuchi-tb-290/beb6ig7c.html
2026-09-06T09:18:46Z,Mascus,Takeuchi TB 290,Takeuchi TB 290,27.938 EUR,"UK, -",2026-08-04,2019,8175 h,https://www.mascus.de/baumaschinen/midibagger--7t---12t/takeuchi-tb-290/7ffk5hdh.html
2026-09-06T09:18:46Z,Mascus,Takeuchi TB 290,Takeuchi TB 290,33.795 EUR,"UK, Montgomery, Powys",2026-08-06,2017,6096 h,https://www.mascus.de/baumaschinen/midibagger--7t---12t/takeuchi-tb-290/86fiefe6.html
2026-09-06T09:18:46Z,Mascus,Takeuchi TB 290,Takeuchi TB290-2,94.392 EUR,"SE, Knivsta, Uppsala län",2026-08-06,2022,1520 h,https://www.mascus.de/baumaschinen/midibagger--7t---12t/takeuchi-tb290-2/76hbieh5.html
2026-09-06T09:18:46Z,Mascus,Takeuchi TB 290,Takeuchi TB 290,34.774 EUR,"DK, Vejle, Midtjylland",2026-08-06,2015,6606 h,https://www.mascus.de/baumaschinen/midibagger--7t---12t/takeuchi-tb-290/g57ifi75.html
2026-09-06T09:18:46Z,Mascus,Takeuchi TB 290,Takeuchi TB 290-2,68.210 EUR,"DK, Vejle, Midtjylland",2026-08-07,2020,5436 h,https://www.mascus.de/baumaschinen/midibagger--7t---12t/takeuchi-tb-290-2/j9egcg6d.html
2026-09-06T09:18:46Z,Mascus,Takeuchi TB 290,Takeuchi TB 290-2 8 Ton Midi Excavator,52.250 EUR,"UK, Northampton, Northamptonshire",2026-08-10,2022,3843 h,https://www.mascus.de/baumaschinen/midibagger--7t---12t/takeuchi-tb-290-2-8-ton-midi-excavator/dghab9g7.html
2026-09-06T09:18:46Z,Mascus,Takeuchi TB 290,Takeuchi TB 290,36.969 EUR,"HU, Budapest IX, Pest",2026-08-12,2016,9200 h,https://www.mascus.de/baumaschinen/midibagger--7t---12t/takeuchi-tb-290/6dcgehhk.html
2026-09-06T09:18:46Z,Mascus,Takeuchi TB 290,Takeuchi TB290-2,76.000 EUR,"DE, Oberderdingen, Baden-Württemberg",2026-08-12,2022,1965 h,https://www.mascus.de/baumaschinen/sonstige-baumaschinen/takeuchi-tb290-2/g6dei5jd.html
2026-09-06T09:18:46Z,Mascus,Takeuchi TB 290,Takeuchi TB 290-2,55.900 EUR,"ES, Tui, Galicia",2026-08-13,2020,4261 h,https://www.mascus.de/baumaschinen/midibagger--7t---12t/takeuchi-tb-290-2/c7557i6i.html
2026-09-06T09:18:46Z,Mascus,Takeuchi TB 290,Takeuchi TB 290,39.500 EUR,"SI, -",2026-08-19,2014,5251 h,https://www.mascus.de/baumaschinen/raupenbagger/takeuchi-tb-290/d5e5g858.html
2026-09-06T09:18:46Z,Mascus,Takeuchi TB 290,Takeuchi TB290 Takeuchi TB290 kun 3950 timer,36.799 EUR,"DK, Horsens, Midtjylland",2026-08-19,2017,3950 h,https://www.mascus.de/baumaschinen/raupenbagger/takeuchi-tb290-takeuchi-tb290-kun-3950-timer/ef7hc69e.html
2026-09-06T09:18:46Z,Mascus,Takeuchi TB 290,"Takeuchi TB 290 - 8.400 kg. / Engcorn rotortilt, centralsmø",45.215 EUR,"DK, Tingvejen 40B",2026-08-21,2016,,https://www.mascus.de/baumaschinen/raupenbagger/takeuchi-tb-290-8-400-kg-engcorn-rotortilt-centralsmo/didigkf5.html
2026-09-06T09:18:46Z,Mascus,Takeuchi TB 290,Takeuchi TB 290,30.336 EUR,"UK, Driffield, East Yorkshire",2026-08-24,2019,,https://www.mascus.de/baumaschinen/midibagger--7t---12t/takeuchi-tb-290/9ia6bh4j.html
2026-09-06T09:18:46Z,Mascus,Takeuchi TB 290,Takeuchi TB290,62.000 EUR,"FI, Honkajoki, Satakunta",2026-08-26,2018,6270 h,https://www.mascus.de/baumaschinen/midibagger--7t---12t/takeuchi-tb290/5aifjb7d.html
2026-09-06T09:18:46Z,Mascus,Takeuchi TB 290,Takeuchi TB 290-2,108.351 EUR,"DK, Kolding, Syddanmark",2026-08-26,2025,12 h,https://www.mascus.de/baumaschinen/midibagger--7t---12t/takeuchi-tb-290-2/gdf5dkdj.html
2026-09-06T09:18:46Z,Mascus,Takeuchi TB 290,Takeuchi TB 290,27.500 EUR,"BE, Balen, Antwerpen",2026-08-26,2016,8832 h,https://www.mascus.de/baumaschinen/midibagger--7t---12t/takeuchi-tb-290/8fac456e.html
2026-09-06T09:18:46Z,Mascus,Takeuchi TB 290,Takeuchi TB290-2 BOGMASTER,56.543 EUR,"UK, -",2026-08-27,2020,3680 h,https://www.mascus.de/baumaschinen/raupenbagger/takeuchi-tb290-2-bogmaster/icd9bh95.html
2026-09-06T09:18:46Z,Mascus,Takeuchi TB 290,Takeuchi TB290 Takeuchi TB290 kun 4080 timer,36.799 EUR,"DK, Horsens",2026-08-27,2017,4080 h,https://www.mascus.de/baumaschinen/raupenbagger/takeuchi-tb290-takeuchi-tb290-kun-4080-timer/85bejda8.html
2026-09-06T09:18:46Z,Mascus,Takeuchi TB 290,Takeuchi TB290 Ny skovle JST Forskellige modeller,870 EUR,"DK, Horsens",2026-08-28,,,https://www.mascus.de/baumaschinen/raupenbagger/takeuchi-tb290-ny-skovle-jst-forskellige-modeller/cedcadgg.html
2026-09-06T09:18:46Z,Mascus,Takeuchi TB 290,Takeuchi TB 290-2,60.198 EUR,"DK, Rønnede, Sjælland",2026-09-02,2019,600 h,https://www.mascus.de/baumaschinen/minibagger---7t/takeuchi-tb-290-2/df9ghi4d.html
2026-09-06T09:18:46Z,Mascus,Takeuchi TB 290,Takeuchi TB 290-2,53.496 EUR,"DK, Sorø",2026-09-02,2020,5876 h,https://www.mascus.de/baumaschinen/midibagger--7t---12t/takeuchi-tb-290-2/edgf9i4a.html
2026-09-06T09:18:46Z,Mascus,Takeuchi TB 290,Takeuchi TB 290-2,39.280 EUR,"UK, -",2026-09-04,2020,5600 h,https://www.mascus.de/baumaschinen/midibagger--7t---12t/takeuchi-tb-290-2/c9ed67dj.html
2026-09-06T09:18:46Z,Mascus,Takeuchi TB 290,Takeuchi TB 290-2,49.750 EUR,"NL, Harskamp",2026-09-05,2016,7600 h,https://www.mascus.de/baumaschinen/raupenbagger/takeuchi-tb-290-2/d6j6ieii.html
2026-09-06T09:18:46Z,Mascus,Komatsu PC210,Komatsu PC 210-8 - Second Hand Excavator for Sale,22.419 EUR,"CN, -",2026-08-05,2025,,https://www.mascus.de/baumaschinen/raupenbagger/komatsu-pc-210-8-second-hand-excavator-for-sale/jc75bf9c.html
2026-09-06T09:18:46Z,Mascus,Komatsu PC210,Komatsu PC 210-8 - Second Hand Excavator for Sale,22.419 EUR,"CN, -",2026-08-05,2025,,https://www.mascus.de/baumaschinen/raupenbagger/komatsu-pc-210-8-second-hand-excavator-for-sale/fj6f5hfc.html
2026-09-06T09:18:46Z,Mascus,Komatsu PC210,Komatsu PC 210-8 - Second Hand Excavator for Sale,22.419 EUR,"CN, -",2026-08-05,2025,,https://www.mascus.de/baumaschinen/raupenbagger/komatsu-pc-210-8-second-hand-excavator-for-sale/djadjec5.html
2026-09-06T09:18:46Z,Mascus,Komatsu PC210,Komatsu PC 210-8 - Second Hand Excavator for Sale,22.419 EUR,"CN, -",2026-08-05,2025,,https://www.mascus.de/baumaschinen/raupenbagger/komatsu-pc-210-8-second-hand-excavator-for-sale/iaf67gb9.html
2026-09-06T09:18:46Z,Mascus,Komatsu PC210,Komatsu PC 210-8 - Second Hand Excavator for Sale,22.419 EUR,"CN, -",2026-08-05,2025,,https://www.mascus.de/baumaschinen/raupenbagger/komatsu-pc-210-8-second-hand-excavator-for-sale/jc6g47hc.html
2026-09-06T09:18:46Z,Mascus,Komatsu PC210,Komatsu PC 210-8 - Second Hand Excavator for Sale,22.419 EUR,"CN, -",2026-08-05,2025,,https://www.mascus.de/baumaschinen/raupenbagger/komatsu-pc-210-8-second-hand-excavator-for-sale/5b9da5da.html
2026-09-06T09:18:46Z,Mascus,Komatsu PC210,Komatsu PC 210-8 - Second Hand Excavator for Sale,22.419 EUR,"CN, -",2026-08-05,2025,,https://www.mascus.de/baumaschinen/raupenbagger/komatsu-pc-210-8-second-hand-excavator-for-sale/g76bcabe.html
2026-09-06T09:18:46Z,Mascus,Komatsu PC210,Komatsu PC 210-7 - Second Hand Excavator for Sale,22.419 EUR,"CN, -",2026-08-06,2025,,https://www.mascus.de/baumaschinen/raupenbagger/komatsu-pc-210-7-second-hand-excavator-for-sale/ec48a76i.html
2026-09-06T09:18:46Z,Mascus,Komatsu PC210,Komatsu PC 210-7 - Second Hand Excavator for Sale,22.419 EUR,"CN, -",2026-08-06,2025,,https://www.mascus.de/baumaschinen/raupenbagger/komatsu-pc-210-7-second-hand-excavator-for-sale/egbegeh9.html
2026-09-06T09:18:46Z,Mascus,Komatsu PC210,Komatsu PC 210-7 - Second Hand Excavator for Sale,22.419 EUR,"CN, -",2026-08-06,2025,,https://www.mascus.de/baumaschinen/raupenbagger/komatsu-pc-210-7-second-hand-excavator-for-sale/8gejehei.html
2026-09-06T09:18:46Z,Mascus,Komatsu PC210,Komatsu PC 210-7 - Second Hand Excavator for Sale,22.419 EUR,"CN, -",2026-08-06,2025,,https://www.mascus.de/baumaschinen/raupenbagger/komatsu-pc-210-7-second-hand-excavator-for-sale/jeh8987k.html
2026-09-06T09:18:46Z,Mascus,Komatsu PC210,Komatsu PC 210-7 - Second Hand Excavator for Sale,22.419 EUR,"CN, -",2026-08-06,2025,,https://www.mascus.de/baumaschinen/raupenbagger/komatsu-pc-210-7-second-hand-excavator-for-sale/954k9cdf.html
2026-09-06T09:18:46Z,Mascus,Komatsu PC210,Komatsu PC 210 LC-8 //BJ. 2012/6324 H/Klima/Alle Leitungen,46.900 EUR,"DE, Überherrn, Saarland",2026-08-06,2012,6324 h,https://www.mascus.de/baumaschinen/raupenbagger/komatsu-pc-210-lc-8-bj-2012-6324-h-klima-alle-leitungen/8bejbja6.html
2026-09-06T09:18:46Z,Mascus,Komatsu PC210,Komatsu PC 210 LC,28.662 EUR,"CZ, -",2026-08-07,2005,15260 h,https://www.mascus.de/baumaschinen/raupenbagger/komatsu-pc-210-lc/ejd7jfb5.html
2026-09-06T09:18:46Z,Mascus,Komatsu PC210,Komatsu PC 210 LC-7K,16.000 EUR,"LT, Vilnius, Vilniaus apskritis",2026-08-07,2005,,https://www.mascus.de/baumaschinen/raupenbagger/komatsu-pc-210-lc-7k/ii8ke8dh.html
2026-09-06T09:18:46Z,Mascus,Komatsu PC210,Komatsu PC 210-7K,35.000 EUR,"ES, -",2026-08-11,2004,15000 h,https://www.mascus.de/baumaschinen/raupenbagger/komatsu-pc-210-7k/bcdg6d8b.html
2026-09-06T09:18:46Z,Mascus,Komatsu PC210,Komatsu PC 210 LC-11,117.000 EUR,"PL, Wyszków, mazowieckie",2026-08-13,2024,2470 h,https://www.mascus.de/baumaschinen/raupenbagger/komatsu-pc-210-lc-11/6eha4hgk.html
2026-09-06T09:18:46Z,Mascus,Komatsu PC210,Komatsu PC 210-8,20.362 EUR,"CN, -",2026-08-14,2023,820 h,https://www.mascus.de/baumaschinen/raupenbagger/komatsu-pc-210-8/ih9ge69c.html
2026-09-06T09:18:46Z,Mascus,Komatsu PC210,Komatsu PC210LC-11E0,166.800 EUR,"DE, -",2026-08-16,2024,1803 h,https://www.mascus.de/baumaschinen/baumaschinen-andere-zubehoerteile/komatsu-pc210lc-11e0/8h6j779g.html
2026-09-06T09:18:46Z,Mascus,Komatsu PC210,Komatsu PC 210,21.121 EUR,"CN, -",2026-08-17,2024,965 h,https://www.mascus.de/baumaschinen/raupenbagger/komatsu-pc-210/86eec57j.html
2026-09-06T09:18:46Z,Mascus,Komatsu PC210,Komatsu PC 210,20.225 EUR,"CN, -",2026-08-17,2024,964 h,https://www.mascus.de/baumaschinen/raupenbagger/komatsu-pc-210/8eacbjhb.html
2026-09-06T09:18:46Z,Mascus,Komatsu PC210,Komatsu PC 210 LC-11E0,62.500 EUR,"LT, -",2026-08-20,2022,3500 h,https://www.mascus.de/baumaschinen/raupenbagger/komatsu-pc-210-lc-11e0/6bdhfgec.html
2026-09-06T09:18:46Z,Mascus,Komatsu PC210,Komatsu PC210LC,33.900 EUR,"FR, Neuville saint-Amand",2026-08-21,2007,6792 h,https://www.mascus.de/baumaschinen/raupenbagger/komatsu-pc210lc/85dei9de.html
2026-09-06T09:18:46Z,Mascus,Komatsu PC210,Komatsu PC210LC-8N1,22.923 EUR,"CN, -",2026-08-21,2024,500 h,https://www.mascus.de/baumaschinen/midibagger--7t---12t/komatsu-pc210lc-8n1/9bbfag7f.html
2026-09-06T09:18:46Z,Mascus,Komatsu PC210,Komatsu PC 210 LC-11,55.900 EUR,"AT, Mondsee, Salzburg",2026-08-21,2016,9310 h,https://www.mascus.de/baumaschinen/raupenbagger/komatsu-pc-210-lc-11/6c4hhaia.html
2026-09-06T09:18:46Z,Mascus,Komatsu PC210,Komatsu PC210LC-6K Excavator with Rototilt and 3 Buckets,39.800 EUR,"NO, Møre og Romsdal",2026-08-21,2001,1800 h,https://www.mascus.de/baumaschinen/raupenbagger/komatsu-pc210lc-6k-excavator-with-rototilt-and-3-buckets/755f977g.html
2026-09-06T09:18:46Z,Mascus,Komatsu PC210,Komatsu Counterweight PC210,4.500 EUR,"NL, Venlo",2026-08-23,2026,,https://www.mascus.de/baumaschinen/baumaschinen-andere-zubehoerteile/komatsu-counterweight-pc210/6fe5eedd.html
2026-09-06T09:18:46Z,Mascus,Komatsu PC210,Komatsu PC 210-8,21.829 EUR,"CN, -",2026-08-24,2023,670 h,https://www.mascus.de/baumaschinen/raupenbagger/komatsu-pc-210-8/hi859fg9.html
2026-09-06T09:18:46Z,Mascus,Komatsu PC210,Komatsu PC 210 LC,22.430 EUR,"CN, -",2026-08-25,2023,1420 h,https://www.mascus.de/baumaschinen/raupenbagger/komatsu-pc-210-lc/acgjdd8k.html
2026-09-06T09:18:46Z,Mascus,Komatsu PC210,Komatsu PC 210 LC-11,135.000 EUR,"EE, -",2026-08-25,2022,3400 h,https://www.mascus.de/baumaschinen/raupenbagger/komatsu-pc-210-lc-11/j8b5ci8k.html
2026-09-06T09:18:46Z,Mascus,Komatsu PC210,Komatsu PC210-7 Swing  Gearbox 20Y-26-00220 20Y-26-00211 2,1.021 EUR,"CN, -",2026-08-26,2026,,https://www.mascus.de/baumaschinen/getriebe/komatsu-pc210-7-swing-gearbox-20y-26-00220-20y-26-00211-2/hi8b9a6j.html
2026-09-06T09:18:46Z,Mascus,Komatsu PC210,Komatsu PC210,2.400 EUR,"NL, Venlo",2026-08-26,2026,,https://www.mascus.de/baumaschinen/schaufeln/komatsu-pc210/6e6ja8ai.html
2026-09-06T09:18:46Z,Mascus,Komatsu PC210,Komatsu PC 210 LC,20.151 EUR,"CN, -",2026-08-26,2024,500 h,https://www.mascus.de/baumaschinen/raupenbagger/komatsu-pc-210-lc/jhbiffjc.html
2026-09-06T09:18:46Z,Mascus,Komatsu PC210,Komatsu PC210LC-11E0 + système de guidage 3D Leica,132.000 EUR,"FR, Saint-Priest, Auvergne-Rhône-Alpes",2026-08-26,2022,4155 h,https://www.mascus.de/baumaschinen/raupenbagger/komatsu-pc210lc-11e0-systeme-de-guidage-3d-leica/ggi56i7g.html
2026-09-06T09:18:46Z,Mascus,Komatsu PC210,Komatsu PC150 / PC160 / PC180 / PC210 / PC240 3 Grouser 60,500 EUR,"NL, Venlo",2026-08-27,,,https://www.mascus.de/baumaschinen/baumaschinenketten/komatsu-pc150-pc160-pc180-pc210-pc240-3-grouser-60/86fd49gk.html
2026-09-06T09:18:46Z,Mascus,Komatsu PC210,Komatsu PC 210,57.500 EUR,"PT, -",2026-08-28,2012,,https://www.mascus.de/baumaschinen/raupenbagger/komatsu-pc-210/cjfbejjg.html
2026-09-06T09:18:46Z,Mascus,Komatsu PC210,Komatsu PC 210 LC-8,19.750 EUR,"CN, JINSHAN, 上海",2026-08-31,2024,800 h,https://www.mascus.de/baumaschinen/raupenbagger/komatsu-pc-210-lc-8/gf97f5fd.html
2026-09-06T09:18:46Z,Mascus,Komatsu PC210,Komatsu PC 210 NLC-11,113.916 EUR,"CZ, Cestlice, Praha",2026-08-31,2022,3100 h,https://www.mascus.de/baumaschinen/raupenbagger/komatsu-pc-210-nlc-11/4b7879c7.html
2026-09-06T09:18:46Z,Mascus,Komatsu PC210,Komatsu PC 210,14.477 EUR,"CN, -",2026-09-01,2022,2845 h,https://www.mascus.de/baumaschinen/raupenbagger/komatsu-pc-210/bcab4i86.html
2026-09-06T09:18:46Z,Mascus,Komatsu PC210,Komatsu PC 210 NLC-8,27.000 EUR,"PT, -",2026-09-02,2007,20640 h,https://www.mascus.de/baumaschinen/raupenbagger/komatsu-pc-210-nlc-8/9i76g68h.html
2026-09-06T09:18:46Z,Mascus,Komatsu PC210,Komatsu PC 210,18.970 EUR,"CN, -",2026-09-03,2024,718 h,https://www.mascus.de/baumaschinen/raupenbagger/komatsu-pc-210/ck886d9d.html
2026-09-06T09:18:46Z,Mascus,Komatsu PC210,Komatsu PC 210 LC-10,38.500 EUR,"LT, -",2026-09-03,2015,,https://www.mascus.de/baumaschinen/raupenbagger/komatsu-pc-210-lc-10/5d89dh77.html
2026-09-06T09:18:46Z,Mascus,Komatsu PC210,Komatsu PC 210,20.350 EUR,"CN, -",2026-09-03,2024,957 h,https://www.mascus.de/baumaschinen/raupenbagger/komatsu-pc-210/fhihf69j.html
2026-09-06T09:18:46Z,Mascus,Komatsu PC210,Komatsu PC210 15m Set Long Reach Equipment,15.900 EUR,"NL, Venlo",2026-09-03,2026,,https://www.mascus.de/baumaschinen/tiefloeffel/komatsu-pc210-15m-set-long-reach-equipment/agaa5bi8.html
2026-09-06T09:18:46Z,Mascus,Komatsu PC210,Komatsu PC210 18 mtr Long Reach Equipment,16.900 EUR,"NL, Venlo",2026-09-03,2026,,https://www.mascus.de/baumaschinen/tiefloeffel/komatsu-pc210-18-mtr-long-reach-equipment/bk99gd4j.html
2026-09-06T09:18:46Z,Mascus,Komatsu PC210,Komatsu PC210-8LC,25.006 EUR,"CN, -",2026-09-04,2023,951 h,https://www.mascus.de/baumaschinen/raupenbagger/komatsu-pc210-8lc/8c7h7gh6.html
